?x	?p	?y
<http://purl.obolibrary.org/obo/FBbi_00000260>	<http://purl.obolibrary.org/obo/FBbi_00000346>	<http://purl.obolibrary.org/obo/FBbi_00000342>
<http://purl.obolibrary.org/obo/FBbi_00000619>	<http://purl.obolibrary.org/obo/FBbi_00000346>	<http://purl.obolibrary.org/obo/FBbi_00000617>
<http://purl.obolibrary.org/obo/FBbi_00000620>	<http://purl.obolibrary.org/obo/FBbi_00000346>	<http://purl.obolibrary.org/obo/FBbi_00000616>
<http://purl.obolibrary.org/obo/FBbi_00000398>	<http://purl.obolibrary.org/obo/FBbi_00000346>	<http://purl.obolibrary.org/obo/FBbi_00000419>
<http://purl.obolibrary.org/obo/BFO_0000019>	<http://www.w3.org/2000/01/rdf-schema#subClassOf>	<http://purl.obolibrary.org/obo/BFO_0000020>
<http://purl.obolibrary.org/obo/UBERON_0001062>	<http://www.w3.org/2000/01/rdf-schema#subClassOf>	<http://purl.obolibrary.org/obo/BFO_0000004>
<http://purl.obolibrary.org/obo/BFO_0000034>	<http://www.w3.org/2000/01/rdf-schema#subClassOf>	<http://purl.obolibrary.org/obo/BFO_0000016>
<http://purl.obolibrary.org/obo/BFO_0000016>	<http://www.w3.org/2000/01/rdf-schema#subClassOf>	<http://purl.obolibrary.org/obo/BFO_0000017>
<http://purl.obolibrary.org/obo/BFO_0000040>	<http://www.w3.org/2000/01/rdf-schema#subClassOf>	<http://purl.obolibrary.org/obo/BFO_0000004>
<http://purl.obolibrary.org/obo/BFO_0000023>	<http://www.w3.org/2000/01/rdf-schema#subClassOf>	<http://purl.obolibrary.org/obo/BFO_0000017>
<http://purl.obolibrary.org/obo/BFO_0000004>	<http://www.w3.org/2000/01/rdf-schema#subClassOf>	<http://purl.obolibrary.org/obo/BFO_0000002>
<http://purl.obolibrary.org/obo/BFO_0000015>	<http://www.w3.org/2000/01/rdf-schema#subClassOf>	<http://purl.obolibrary.org/obo/BFO_0000003>
<http://purl.obolibrary.org/obo/BFO_0000020>	<http://www.w3.org/2000/01/rdf-schema#subClassOf>	<http://purl.obolibrary.org/obo/BFO_0000002>
<http://purl.obolibrary.org/obo/GO_0003674>	<http://www.w3.org/2000/01/rdf-schema#subClassOf>	<http://purl.obolibrary.org/obo/BFO_0000015>
<http://purl.obolibrary.org/obo/GO_0016301>	<http://www.w3.org/2000/01/rdf-schema#subClassOf>	<http://purl.obolibrary.org/obo/GO_0003674>
<http://purl.obolibrary.org/obo/PATO_0000001>	<http://www.w3.org/2000/01/rdf-schema#subClassOf>	<http://purl.obolibrary.org/obo/BFO_0000020>
<http://purl.obolibrary.org/obo/GO_0008150>	<http://www.w3.org/2000/01/rdf-schema#subClassOf>	<http://purl.obolibrary.org/obo/BFO_0000015>
<http://purl.obolibrary.org/obo/BFO_0000017>	<http://www.w3.org/2000/01/rdf-schema#subClassOf>	<http://purl.obolibrary.org/obo/BFO_0000020>
<http://purl.obolibrary.org/obo/FBbi_00000358>	<http://www.w3.org/2000/01/rdf-schema#subClassOf>	<http://purl.obolibrary.org/obo/FBbi_00000355>
<http://purl.obolibrary.org/obo/FBbi_00000353>	<http://www.w3.org/2000/01/rdf-schema#subClassOf>	<http://purl.obolibrary.org/obo/FBbi_00000322>
<http://purl.obolibrary.org/obo/FBbi_00000232>	<http://www.w3.org/2000/01/rdf-schema#subClassOf>	<http://purl.obolibrary.org/obo/FBbi_00000230>
<http://purl.obolibrary.org/obo/FBbi_00000552>	<http://www.w3.org/2000/01/rdf-schema#subClassOf>	<http://purl.obolibrary.org/obo/FBbi_00000537>
<http://purl.obolibrary.org/obo/FBbi_00000493>	<http://www.w3.org/2000/01/rdf-schema#subClassOf>	<http://purl.obolibrary.org/obo/FBbi_00000484>
<http://purl.obolibrary.org/obo/FBbi_00000440>	<http://www.w3.org/2000/01/rdf-schema#subClassOf>	<http://purl.obolibrary.org/obo/FBbi_00000455>
<http://purl.obolibrary.org/obo/FBbi_00000001>	<http://www.w3.org/2000/01/rdf-schema#subClassOf>	<http://purl.obolibrary.org/obo/FBbi_root_00000000>
<http://purl.obolibrary.org/obo/FBbi_00000030>	<http://www.w3.org/2000/01/rdf-schema#subClassOf>	<http://purl.obolibrary.org/obo/FBbi_00000026>
<http://purl.obolibrary.org/obo/FBbi_00000375>	<http://www.w3.org/2000/01/rdf-schema#subClassOf>	<http://purl.obolibrary.org/obo/FBbi_00000269>
<http://purl.obolibrary.org/obo/FBbi_00000519>	<http://www.w3.org/2000/01/rdf-schema#subClassOf>	<http://purl.obolibrary.org/obo/FBbi_00000482>
<http://purl.obolibrary.org/obo/FBbi_00000119>	<http://www.w3.org/2000/01/rdf-schema#subClassOf>	<http://purl.obolibrary.org/obo/FBbi_00000118>
<http://purl.obolibrary.org/obo/FBbi_00000130>	<http://www.w3.org/2000/01/rdf-schema#subClassOf>	<http://purl.obolibrary.org/obo/FBbi_00000401>
<http://purl.obolibrary.org/obo/FBbi_00000327>	<http://www.w3.org/2000/01/rdf-schema#subClassOf>	<http://purl.obolibrary.org/obo/FBbi_00000353>
<http://purl.obolibrary.org/obo/FBbi_00000192>	<http://www.w3.org/2000/01/rdf-schema#subClassOf>	<http://purl.obolibrary.org/obo/FBbi_00000455>
<http://purl.obolibrary.org/obo/FBbi_00000485>	<http://www.w3.org/2000/01/rdf-schema#subClassOf>	<http://purl.obolibrary.org/obo/FBbi_00000433>
<http://purl.obolibrary.org/obo/FBbi_00000266>	<http://www.w3.org/2000/01/rdf-schema#subClassOf>	<http://purl.obolibrary.org/obo/FBbi_00000222>
<http://purl.obolibrary.org/obo/FBbi_00000254>	<http://www.w3.org/2000/01/rdf-schema#subClassOf>	<http://purl.obolibrary.org/obo/FBbi_00000255>
<http://purl.obolibrary.org/obo/FBbi_00000061>	<http://www.w3.org/2000/01/rdf-schema#subClassOf>	<http://purl.obolibrary.org/obo/FBbi_00000421>
<http://purl.obolibrary.org/obo/FBbi_00001006>	<http://www.w3.org/2000/01/rdf-schema#subClassOf>	<http://purl.obolibrary.org/obo/FBbi_00000272>
<http://purl.obolibrary.org/obo/FBbi_00000467>	<http://www.w3.org/2000/01/rdf-schema#subClassOf>	<http://purl.obolibrary.org/obo/FBbi_00000459>
<http://purl.obolibrary.org/obo/FBbi_00000342>	<http://www.w3.org/2000/01/rdf-schema#subClassOf>	<http://purl.obolibrary.org/obo/FBbi_00001006>
<http://purl.obolibrary.org/obo/FBbi_00000318>	<http://www.w3.org/2000/01/rdf-schema#subClassOf>	<http://purl.obolibrary.org/obo/FBbi_00000316>
<http://purl.obolibrary.org/obo/FBbi_00000343>	<http://www.w3.org/2000/01/rdf-schema#subClassOf>	<http://purl.obolibrary.org/obo/FBbi_00000241>
<http://purl.obolibrary.org/obo/FBbi_00000528>	<http://www.w3.org/2000/01/rdf-schema#subClassOf>	<http://purl.obolibrary.org/obo/FBbi_00000483>
<http://purl.obolibrary.org/obo/FBbi_00000535>	<http://www.w3.org/2000/01/rdf-schema#subClassOf>	<http://purl.obolibrary.org/obo/FBbi_00000434>
<http://purl.obolibrary.org/obo/FBbi_00000465>	<http://www.w3.org/2000/01/rdf-schema#subClassOf>	<http://purl.obolibrary.org/obo/FBbi_00000463>
<http://purl.obolibrary.org/obo/FBbi_00000441>	<http://www.w3.org/2000/01/rdf-schema#subClassOf>	<http://purl.obolibrary.org/obo/FBbi_00000455>
<http://purl.obolibrary.org/obo/FBbi_00000417>	<http://www.w3.org/2000/01/rdf-schema#subClassOf>	<http://purl.obolibrary.org/obo/FBbi_00000421>
<http://purl.obolibrary.org/obo/FBbi_00000006>	<http://www.w3.org/2000/01/rdf-schema#subClassOf>	<http://purl.obolibrary.org/obo/FBbi_00000003>
<http://purl.obolibrary.org/obo/FBbi_00000037>	<http://www.w3.org/2000/01/rdf-schema#subClassOf>	<http://purl.obolibrary.org/obo/FBbi_00000460>
<http://purl.obolibrary.org/obo/FBbi_00000230>	<http://www.w3.org/2000/01/rdf-schema#subClassOf>	<http://purl.obolibrary.org/obo/FBbi_00000223>
<http://purl.obolibrary.org/obo/FBbi_00000435>	<http://www.w3.org/2000/01/rdf-schema#subClassOf>	<http://purl.obolibrary.org/obo/FBbi_00000420>
<http://purl.obolibrary.org/obo/FBbi_00000383>	<http://www.w3.org/2000/01/rdf-schema#subClassOf>	<http://purl.obolibrary.org/obo/FBbi_00000268>
<http://purl.obolibrary.org/obo/FBbi_00000158>	<http://www.w3.org/2000/01/rdf-schema#subClassOf>	<http://purl.obolibrary.org/obo/FBbi_00000456>
<http://purl.obolibrary.org/obo/FBbi_00000271>	<http://www.w3.org/2000/01/rdf-schema#subClassOf>	<http://purl.obolibrary.org/obo/FBbi_root_00000000>
<http://purl.obolibrary.org/obo/FBbi_00000334>	<http://www.w3.org/2000/01/rdf-schema#subClassOf>	<http://purl.obolibrary.org/obo/FBbi_00000321>
<http://purl.obolibrary.org/obo/FBbi_00000031>	<http://www.w3.org/2000/01/rdf-schema#subClassOf>	<http://purl.obolibrary.org/obo/FBbi_root_00000000>
<http://purl.obolibrary.org/obo/FBbi_00000314>	<http://www.w3.org/2000/01/rdf-schema#subClassOf>	<http://purl.obolibrary.org/obo/FBbi_00000270>
<http://purl.obolibrary.org/obo/FBbi_00000583>	<http://www.w3.org/2000/01/rdf-schema#subClassOf>	<http://purl.obolibrary.org/obo/FBbi_00000013>
<http://purl.obolibrary.org/obo/FBbi_00000507>	<http://www.w3.org/2000/01/rdf-schema#subClassOf>	<http://purl.obolibrary.org/obo/FBbi_00000482>
<http://purl.obolibrary.org/obo/FBbi_00000503>	<http://www.w3.org/2000/01/rdf-schema#subClassOf>	<http://purl.obolibrary.org/obo/FBbi_00000481>
<http://purl.obolibrary.org/obo/FBbi_00000263>	<http://www.w3.org/2000/01/rdf-schema#subClassOf>	<http://purl.obolibrary.org/obo/FBbi_00000093>
<http://purl.obolibrary.org/obo/FBbi_00000488>	<http://www.w3.org/2000/01/rdf-schema#subClassOf>	<http://purl.obolibrary.org/obo/FBbi_00000480>
<http://purl.obolibrary.org/obo/FBbi_00000373>	<http://www.w3.org/2000/01/rdf-schema#subClassOf>	<http://purl.obolibrary.org/obo/FBbi_00000257>
<http://purl.obolibrary.org/obo/FBbi_00000364>	<http://www.w3.org/2000/01/rdf-schema#subClassOf>	<http://purl.obolibrary.org/obo/FBbi_00000285>
<http://purl.obolibrary.org/obo/FBbi_00000045>	<http://www.w3.org/2000/01/rdf-schema#subClassOf>	<http://purl.obolibrary.org/obo/FBbi_00000567>
<http://purl.obolibrary.org/obo/FBbi_00000086>	<http://www.w3.org/2000/01/rdf-schema#subClassOf>	<http://purl.obolibrary.org/obo/FBbi_00000407>
<http://purl.obolibrary.org/obo/FBbi_00000384>	<http://www.w3.org/2000/01/rdf-schema#subClassOf>	<http://purl.obolibrary.org/obo/FBbi_00000383>
<http://purl.obolibrary.org/obo/FBbi_00000587>	<http://www.w3.org/2000/01/rdf-schema#subClassOf>	<http://purl.obolibrary.org/obo/FBbi_00000310>
<http://purl.obolibrary.org/obo/FBbi_00000429>	<http://www.w3.org/2000/01/rdf-schema#subClassOf>	<http://purl.obolibrary.org/obo/FBbi_00000402>
<http://purl.obolibrary.org/obo/FBbi_00000082>	<http://www.w3.org/2000/01/rdf-schema#subClassOf>	<http://purl.obolibrary.org/obo/FBbi_00000437>
<http://purl.obolibrary.org/obo/FBbi_00000530>	<http://www.w3.org/2000/01/rdf-schema#subClassOf>	<http://purl.obolibrary.org/obo/FBbi_00000483>
<http://purl.obolibrary.org/obo/FBbi_00000497>	<http://www.w3.org/2000/01/rdf-schema#subClassOf>	<http://purl.obolibrary.org/obo/FBbi_00000484>
<http://purl.obolibrary.org/obo/FBbi_00000473>	<http://www.w3.org/2000/01/rdf-schema#subClassOf>	<http://purl.obolibrary.org/obo/FBbi_00000437>
<http://purl.obolibrary.org/obo/FBbi_00000240>	<http://www.w3.org/2000/01/rdf-schema#subClassOf>	<http://purl.obolibrary.org/obo/FBbi_00000265>
<http://purl.obolibrary.org/obo/FBbi_00000475>	<http://www.w3.org/2000/01/rdf-schema#subClassOf>	<http://purl.obolibrary.org/obo/FBbi_00000439>
<http://purl.obolibrary.org/obo/FBbi_00000538>	<http://www.w3.org/2000/01/rdf-schema#subClassOf>	<http://purl.obolibrary.org/obo/FBbi_00000434>
<http://purl.obolibrary.org/obo/FBbi_00000259>	<http://www.w3.org/2000/01/rdf-schema#subClassOf>	<http://purl.obolibrary.org/obo/FBbi_00000344>
<http://purl.obolibrary.org/obo/FBbi_00000253>	<http://www.w3.org/2000/01/rdf-schema#subClassOf>	<http://purl.obolibrary.org/obo/FBbi_00000251>
<http://purl.obolibrary.org/obo/FBbi_00000400>	<http://www.w3.org/2000/01/rdf-schema#subClassOf>	<http://purl.obolibrary.org/obo/FBbi_00000410>
<http://purl.obolibrary.org/obo/FBbi_00000245>	<http://www.w3.org/2000/01/rdf-schema#subClassOf>	<http://purl.obolibrary.org/obo/FBbi_00000345>
<http://purl.obolibrary.org/obo/FBbi_00000380>	<http://www.w3.org/2000/01/rdf-schema#subClassOf>	<http://purl.obolibrary.org/obo/FBbi_00000256>
<http://purl.obolibrary.org/obo/FBbi_00000043>	<http://www.w3.org/2000/01/rdf-schema#subClassOf>	<http://purl.obolibrary.org/obo/FBbi_00000567>
<http://purl.obolibrary.org/obo/FBbi_00000125>	<http://www.w3.org/2000/01/rdf-schema#subClassOf>	<http://purl.obolibrary.org/obo/FBbi_00000122>
<http://purl.obolibrary.org/obo/FBbi_00000577>	<http://www.w3.org/2000/01/rdf-schema#subClassOf>	<http://purl.obolibrary.org/obo/FBbi_00000399>
<http://purl.obolibrary.org/obo/FBbi_00000224>	<http://www.w3.org/2000/01/rdf-schema#subClassOf>	<http://purl.obolibrary.org/obo/FBbi_00000223>
<http://purl.obolibrary.org/obo/FBbi_00000002>	<http://www.w3.org/2000/01/rdf-schema#subClassOf>	<http://purl.obolibrary.org/obo/FBbi_00001012>
<http://purl.obolibrary.org/obo/FBbi_00000331>	<http://www.w3.org/2000/01/rdf-schema#subClassOf>	<http://purl.obolibrary.org/obo/FBbi_00000322>
<http://purl.obolibrary.org/obo/FBbi_00000016>	<http://www.w3.org/2000/01/rdf-schema#subClassOf>	<http://purl.obolibrary.org/obo/FBbi_00000015>
<http://purl.obolibrary.org/obo/FBbi_00000466>	<http://www.w3.org/2000/01/rdf-schema#subClassOf>	<http://purl.obolibrary.org/obo/FBbi_00000459>
<http://purl.obolibrary.org/obo/FBbi_00000079>	<http://www.w3.org/2000/01/rdf-schema#subClassOf>	<http://purl.obolibrary.org/obo/FBbi_00000410>
<http://purl.obolibrary.org/obo/FBbi_00000616>	<http://www.w3.org/2000/01/rdf-schema#subClassOf>	<http://purl.obolibrary.org/obo/FBbi_00000244>
<http://purl.obolibrary.org/obo/FBbi_00000564>	<http://www.w3.org/2000/01/rdf-schema#subClassOf>	<http://purl.obolibrary.org/obo/FBbi_00000539>
<http://purl.obolibrary.org/obo/FBbi_00000541>	<http://www.w3.org/2000/01/rdf-schema#subClassOf>	<http://purl.obolibrary.org/obo/FBbi_00000535>
<http://purl.obolibrary.org/obo/FBbi_00000282>	<http://www.w3.org/2000/01/rdf-schema#subClassOf>	<http://purl.obolibrary.org/obo/FBbi_00000268>
<http://purl.obolibrary.org/obo/FBbi_00000416>	<http://www.w3.org/2000/01/rdf-schema#subClassOf>	<http://purl.obolibrary.org/obo/FBbi_00000407>
<http://purl.obolibrary.org/obo/FBbi_00000551>	<http://www.w3.org/2000/01/rdf-schema#subClassOf>	<http://purl.obolibrary.org/obo/FBbi_00000537>
<http://purl.obolibrary.org/obo/FBbi_00000065>	<http://www.w3.org/2000/01/rdf-schema#subClassOf>	<http://purl.obolibrary.org/obo/FBbi_00000421>
<http://purl.obolibrary.org/obo/FBbi_00000285>	<http://www.w3.org/2000/01/rdf-schema#subClassOf>	<http://purl.obolibrary.org/obo/FBbi_00000268>
<http://purl.obolibrary.org/obo/FBbi_00000545>	<http://www.w3.org/2000/01/rdf-schema#subClassOf>	<http://purl.obolibrary.org/obo/FBbi_00000536>
<http://purl.obolibrary.org/obo/FBbi_00000555>	<http://www.w3.org/2000/01/rdf-schema#subClassOf>	<http://purl.obolibrary.org/obo/FBbi_00000537>
<http://purl.obolibrary.org/obo/FBbi_00000243>	<http://www.w3.org/2000/01/rdf-schema#subClassOf>	<http://purl.obolibrary.org/obo/FBbi_00000345>
<http://purl.obolibrary.org/obo/FBbi_00000612>	<http://www.w3.org/2000/01/rdf-schema#subClassOf>	<http://purl.obolibrary.org/obo/FBbi_00000405>
<http://purl.obolibrary.org/obo/FBbi_00000260>	<http://www.w3.org/2000/01/rdf-schema#subClassOf>	<http://purl.obolibrary.org/obo/FBbi_00001000>
<http://purl.obolibrary.org/obo/FBbi_00000357>	<http://www.w3.org/2000/01/rdf-schema#subClassOf>	<http://purl.obolibrary.org/obo/FBbi_00000354>
<http://purl.obolibrary.org/obo/FBbi_00000010>	<http://www.w3.org/2000/01/rdf-schema#subClassOf>	<http://purl.obolibrary.org/obo/FBbi_00000008>
<http://purl.obolibrary.org/obo/FBbi_00000518>	<http://www.w3.org/2000/01/rdf-schema#subClassOf>	<http://purl.obolibrary.org/obo/FBbi_00000482>
<http://purl.obolibrary.org/obo/FBbi_00000439>	<http://www.w3.org/2000/01/rdf-schema#subClassOf>	<http://purl.obolibrary.org/obo/FBbi_00000420>
<http://purl.obolibrary.org/obo/FBbi_00000430>	<http://www.w3.org/2000/01/rdf-schema#subClassOf>	<http://purl.obolibrary.org/obo/FBbi_00000402>
<http://purl.obolibrary.org/obo/FBbi_00000422>	<http://www.w3.org/2000/01/rdf-schema#subClassOf>	<http://purl.obolibrary.org/obo/FBbi_00000406>
<http://purl.obolibrary.org/obo/FBbi_00000228>	<http://www.w3.org/2000/01/rdf-schema#subClassOf>	<http://purl.obolibrary.org/obo/FBbi_00000223>
<http://purl.obolibrary.org/obo/FBbi_00000247>	<http://www.w3.org/2000/01/rdf-schema#subClassOf>	<http://purl.obolibrary.org/obo/FBbi_00000345>
<http://purl.obolibrary.org/obo/FBbi_00000361>	<http://www.w3.org/2000/01/rdf-schema#subClassOf>	<http://purl.obolibrary.org/obo/FBbi_00000357>
<http://purl.obolibrary.org/obo/FBbi_00000340>	<http://www.w3.org/2000/01/rdf-schema#subClassOf>	<http://purl.obolibrary.org/obo/FBbi_00000332>
<http://purl.obolibrary.org/obo/FBbi_00000287>	<http://www.w3.org/2000/01/rdf-schema#subClassOf>	<http://purl.obolibrary.org/obo/FBbi_00000278>
<http://purl.obolibrary.org/obo/FBbi_00000589>	<http://www.w3.org/2000/01/rdf-schema#subClassOf>	<http://purl.obolibrary.org/obo/FBbi_00000309>
<http://purl.obolibrary.org/obo/FBbi_00000059>	<http://www.w3.org/2000/01/rdf-schema#subClassOf>	<http://purl.obolibrary.org/obo/FBbi_00000567>
<http://purl.obolibrary.org/obo/FBbi_00000388>	<http://www.w3.org/2000/01/rdf-schema#subClassOf>	<http://purl.obolibrary.org/obo/FBbi_00000383>
<http://purl.obolibrary.org/obo/FBbi_00000280>	<http://www.w3.org/2000/01/rdf-schema#subClassOf>	<http://purl.obolibrary.org/obo/FBbi_00000268>
<http://purl.obolibrary.org/obo/FBbi_00000534>	<http://www.w3.org/2000/01/rdf-schema#subClassOf>	<http://purl.obolibrary.org/obo/FBbi_00000485>
<http://purl.obolibrary.org/obo/FBbi_00000607>	<http://www.w3.org/2000/01/rdf-schema#subClassOf>	<http://purl.obolibrary.org/obo/FBbi_00000590>
<http://purl.obolibrary.org/obo/FBbi_00000283>	<http://www.w3.org/2000/01/rdf-schema#subClassOf>	<http://purl.obolibrary.org/obo/FBbi_00000268>
<http://purl.obolibrary.org/obo/FBbi_00000559>	<http://www.w3.org/2000/01/rdf-schema#subClassOf>	<http://purl.obolibrary.org/obo/FBbi_00000539>
<http://purl.obolibrary.org/obo/FBbi_00000469>	<http://www.w3.org/2000/01/rdf-schema#subClassOf>	<http://purl.obolibrary.org/obo/FBbi_00000436>
<http://purl.obolibrary.org/obo/FBbi_00000355>	<http://www.w3.org/2000/01/rdf-schema#subClassOf>	<http://purl.obolibrary.org/obo/FBbi_00000323>
<http://purl.obolibrary.org/obo/FBbi_00000461>	<http://www.w3.org/2000/01/rdf-schema#subClassOf>	<http://purl.obolibrary.org/obo/FBbi_00000435>
<http://purl.obolibrary.org/obo/FBbi_00000013>	<http://www.w3.org/2000/01/rdf-schema#subClassOf>	<http://purl.obolibrary.org/obo/FBbi_00001012>
<http://purl.obolibrary.org/obo/FBbi_00000590>	<http://www.w3.org/2000/01/rdf-schema#subClassOf>	<http://purl.obolibrary.org/obo/FBbi_root_00000000>
<http://purl.obolibrary.org/obo/FBbi_00000085>	<http://www.w3.org/2000/01/rdf-schema#subClassOf>	<http://purl.obolibrary.org/obo/FBbi_00000482>
<http://purl.obolibrary.org/obo/FBbi_00000338>	<http://www.w3.org/2000/01/rdf-schema#subClassOf>	<http://purl.obolibrary.org/obo/FBbi_00000333>
<http://purl.obolibrary.org/obo/FBbi_00000294>	<http://www.w3.org/2000/01/rdf-schema#subClassOf>	<http://purl.obolibrary.org/obo/FBbi_00000395>
<http://purl.obolibrary.org/obo/FBbi_00000296>	<http://www.w3.org/2000/01/rdf-schema#subClassOf>	<http://purl.obolibrary.org/obo/FBbi_00000394>
<http://purl.obolibrary.org/obo/FBbi_00000015>	<http://www.w3.org/2000/01/rdf-schema#subClassOf>	<http://purl.obolibrary.org/obo/FBbi_00000001>
<http://purl.obolibrary.org/obo/FBbi_00000202>	<http://www.w3.org/2000/01/rdf-schema#subClassOf>	<http://purl.obolibrary.org/obo/FBbi_00000457>
<http://purl.obolibrary.org/obo/FBbi_00000490>	<http://www.w3.org/2000/01/rdf-schema#subClassOf>	<http://purl.obolibrary.org/obo/FBbi_00000480>
<http://purl.obolibrary.org/obo/FBbi_00000348>	<http://www.w3.org/2000/01/rdf-schema#subClassOf>	<http://purl.obolibrary.org/obo/FBbi_00000344>
<http://purl.obolibrary.org/obo/FBbi_00000311>	<http://www.w3.org/2000/01/rdf-schema#subClassOf>	<http://purl.obolibrary.org/obo/FBbi_00000270>
<http://purl.obolibrary.org/obo/FBbi_00000454>	<http://www.w3.org/2000/01/rdf-schema#subClassOf>	<http://purl.obolibrary.org/obo/FBbi_00000455>
<http://purl.obolibrary.org/obo/FBbi_00000093>	<http://www.w3.org/2000/01/rdf-schema#subClassOf>	<http://purl.obolibrary.org/obo/FBbi_00000001>
<http://purl.obolibrary.org/obo/FBbi_00000048>	<http://www.w3.org/2000/01/rdf-schema#subClassOf>	<http://purl.obolibrary.org/obo/FBbi_00000422>
<http://purl.obolibrary.org/obo/FBbi_00000431>	<http://www.w3.org/2000/01/rdf-schema#subClassOf>	<http://purl.obolibrary.org/obo/FBbi_00000402>
<http://purl.obolibrary.org/obo/FBbi_00000267>	<http://www.w3.org/2000/01/rdf-schema#subClassOf>	<http://purl.obolibrary.org/obo/FBbi_00000224>
<http://purl.obolibrary.org/obo/FBbi_00000322>	<http://www.w3.org/2000/01/rdf-schema#subClassOf>	<http://purl.obolibrary.org/obo/FBbi_00000271>
<http://purl.obolibrary.org/obo/FBbi_00000463>	<http://www.w3.org/2000/01/rdf-schema#subClassOf>	<http://purl.obolibrary.org/obo/FBbi_00000410>
<http://purl.obolibrary.org/obo/FBbi_00000120>	<http://www.w3.org/2000/01/rdf-schema#subClassOf>	<http://purl.obolibrary.org/obo/FBbi_00000118>
<http://purl.obolibrary.org/obo/FBbi_00000526>	<http://www.w3.org/2000/01/rdf-schema#subClassOf>	<http://purl.obolibrary.org/obo/FBbi_00000483>
<http://purl.obolibrary.org/obo/FBbi_00000023>	<http://www.w3.org/2000/01/rdf-schema#subClassOf>	<http://purl.obolibrary.org/obo/FBbi_00000001>
<http://purl.obolibrary.org/obo/FBbi_00000336>	<http://www.w3.org/2000/01/rdf-schema#subClassOf>	<http://purl.obolibrary.org/obo/FBbi_00000333>
<http://purl.obolibrary.org/obo/FBbi_00000510>	<http://www.w3.org/2000/01/rdf-schema#subClassOf>	<http://purl.obolibrary.org/obo/FBbi_00000482>
<http://purl.obolibrary.org/obo/FBbi_00000382>	<http://www.w3.org/2000/01/rdf-schema#subClassOf>	<http://purl.obolibrary.org/obo/FBbi_00000256>
<http://purl.obolibrary.org/obo/FBbi_00000056>	<http://www.w3.org/2000/01/rdf-schema#subClassOf>	<http://purl.obolibrary.org/obo/FBbi_00000422>
<http://purl.obolibrary.org/obo/FBbi_00000052>	<http://www.w3.org/2000/01/rdf-schema#subClassOf>	<http://purl.obolibrary.org/obo/FBbi_00000421>
<http://purl.obolibrary.org/obo/FBbi_00000084>	<http://www.w3.org/2000/01/rdf-schema#subClassOf>	<http://purl.obolibrary.org/obo/FBbi_00000439>
<http://purl.obolibrary.org/obo/FBbi_00000092>	<http://www.w3.org/2000/01/rdf-schema#subClassOf>	<http://purl.obolibrary.org/obo/FBbi_00000090>
<http://purl.obolibrary.org/obo/FBbi_00000581>	<http://www.w3.org/2000/01/rdf-schema#subClassOf>	<http://purl.obolibrary.org/obo/FBbi_00000013>
<http://purl.obolibrary.org/obo/FBbi_00000017>	<http://www.w3.org/2000/01/rdf-schema#subClassOf>	<http://purl.obolibrary.org/obo/FBbi_00000016>
<http://purl.obolibrary.org/obo/FBbi_00000350>	<http://www.w3.org/2000/01/rdf-schema#subClassOf>	<http://purl.obolibrary.org/obo/FBbi_00000272>
<http://purl.obolibrary.org/obo/FBbi_00000501>	<http://www.w3.org/2000/01/rdf-schema#subClassOf>	<http://purl.obolibrary.org/obo/FBbi_00000481>
<http://purl.obolibrary.org/obo/FBbi_00000117>	<http://www.w3.org/2000/01/rdf-schema#subClassOf>	<http://purl.obolibrary.org/obo/FBbi_00000112>
<http://purl.obolibrary.org/obo/FBbi_00000460>	<http://www.w3.org/2000/01/rdf-schema#subClassOf>	<http://purl.obolibrary.org/obo/FBbi_00000408>
<http://purl.obolibrary.org/obo/FBbi_00001004>	<http://www.w3.org/2000/01/rdf-schema#subClassOf>	<http://purl.obolibrary.org/obo/FBbi_00000265>
<http://purl.obolibrary.org/obo/FBbi_00000424>	<http://www.w3.org/2000/01/rdf-schema#subClassOf>	<http://purl.obolibrary.org/obo/FBbi_00000422>
<http://purl.obolibrary.org/obo/FBbi_00000610>	<http://www.w3.org/2000/01/rdf-schema#subClassOf>	<http://purl.obolibrary.org/obo/FBbi_00000568>
<http://purl.obolibrary.org/obo/FBbi_00000370>	<http://www.w3.org/2000/01/rdf-schema#subClassOf>	<http://purl.obolibrary.org/obo/FBbi_00000345>
<http://purl.obolibrary.org/obo/FBbi_00000003>	<http://www.w3.org/2000/01/rdf-schema#subClassOf>	<http://purl.obolibrary.org/obo/FBbi_00000002>
<http://purl.obolibrary.org/obo/FBbi_00000317>	<http://www.w3.org/2000/01/rdf-schema#subClassOf>	<http://purl.obolibrary.org/obo/FBbi_00000316>
<http://purl.obolibrary.org/obo/FBbi_00000623>	<http://www.w3.org/2000/01/rdf-schema#subClassOf>	<http://purl.obolibrary.org/obo/FBbi_00000258>
<http://purl.obolibrary.org/obo/FBbi_00000374>	<http://www.w3.org/2000/01/rdf-schema#subClassOf>	<http://purl.obolibrary.org/obo/FBbi_00000269>
<http://purl.obolibrary.org/obo/FBbi_00000293>	<http://www.w3.org/2000/01/rdf-schema#subClassOf>	<http://purl.obolibrary.org/obo/FBbi_00000290>
<http://purl.obolibrary.org/obo/FBbi_00000022>	<http://www.w3.org/2000/01/rdf-schema#subClassOf>	<http://purl.obolibrary.org/obo/FBbi_00000019>
<http://purl.obolibrary.org/obo/FBbi_00000356>	<http://www.w3.org/2000/01/rdf-schema#subClassOf>	<http://purl.obolibrary.org/obo/FBbi_00000354>
<http://purl.obolibrary.org/obo/FBbi_00000556>	<http://www.w3.org/2000/01/rdf-schema#subClassOf>	<http://purl.obolibrary.org/obo/FBbi_00000538>
<http://purl.obolibrary.org/obo/FBbi_00000236>	<http://www.w3.org/2000/01/rdf-schema#subClassOf>	<http://purl.obolibrary.org/obo/FBbi_00000235>
<http://purl.obolibrary.org/obo/FBbi_00000457>	<http://www.w3.org/2000/01/rdf-schema#subClassOf>	<http://purl.obolibrary.org/obo/FBbi_00000128>
<http://purl.obolibrary.org/obo/FBbi_00000332>	<http://www.w3.org/2000/01/rdf-schema#subClassOf>	<http://purl.obolibrary.org/obo/FBbi_00000321>
<http://purl.obolibrary.org/obo/FBbi_00000178>	<http://www.w3.org/2000/01/rdf-schema#subClassOf>	<http://purl.obolibrary.org/obo/FBbi_00000456>
<http://purl.obolibrary.org/obo/FBbi_00000415>	<http://www.w3.org/2000/01/rdf-schema#subClassOf>	<http://purl.obolibrary.org/obo/FBbi_00000403>
<http://purl.obolibrary.org/obo/FBbi_00000608>	<http://www.w3.org/2000/01/rdf-schema#subClassOf>	<http://purl.obolibrary.org/obo/FBbi_00000316>
<http://purl.obolibrary.org/obo/FBbi_00000123>	<http://www.w3.org/2000/01/rdf-schema#subClassOf>	<http://purl.obolibrary.org/obo/FBbi_00000122>
<http://purl.obolibrary.org/obo/FBbi_00000367>	<http://www.w3.org/2000/01/rdf-schema#subClassOf>	<http://purl.obolibrary.org/obo/FBbi_00000246>
<http://purl.obolibrary.org/obo/FBbi_00000275>	<http://www.w3.org/2000/01/rdf-schema#subClassOf>	<http://purl.obolibrary.org/obo/FBbi_00000268>
<http://purl.obolibrary.org/obo/FBbi_00000325>	<http://www.w3.org/2000/01/rdf-schema#subClassOf>	<http://purl.obolibrary.org/obo/FBbi_00000322>
<http://purl.obolibrary.org/obo/FBbi_00000312>	<http://www.w3.org/2000/01/rdf-schema#subClassOf>	<http://purl.obolibrary.org/obo/FBbi_00000270>
<http://purl.obolibrary.org/obo/FBbi_00000278>	<http://www.w3.org/2000/01/rdf-schema#subClassOf>	<http://purl.obolibrary.org/obo/FBbi_00000268>
<http://purl.obolibrary.org/obo/FBbi_00000239>	<http://www.w3.org/2000/01/rdf-schema#subClassOf>	<http://purl.obolibrary.org/obo/FBbi_00000235>
<http://purl.obolibrary.org/obo/FBbi_00000575>	<http://www.w3.org/2000/01/rdf-schema#subClassOf>	<http://purl.obolibrary.org/obo/FBbi_00000399>
<http://purl.obolibrary.org/obo/FBbi_00000319>	<http://www.w3.org/2000/01/rdf-schema#subClassOf>	<http://purl.obolibrary.org/obo/FBbi_00000270>
<http://purl.obolibrary.org/obo/FBbi_00000591>	<http://www.w3.org/2000/01/rdf-schema#subClassOf>	<http://purl.obolibrary.org/obo/FBbi_00000590>
<http://purl.obolibrary.org/obo/FBbi_00000371>	<http://www.w3.org/2000/01/rdf-schema#subClassOf>	<http://purl.obolibrary.org/obo/FBbi_00000345>
<http://purl.obolibrary.org/obo/FBbi_00000407>	<http://www.w3.org/2000/01/rdf-schema#subClassOf>	<http://purl.obolibrary.org/obo/FBbi_00000079>
<http://purl.obolibrary.org/obo/FBbi_00000235>	<http://www.w3.org/2000/01/rdf-schema#subClassOf>	<http://purl.obolibrary.org/obo/FBbi_00000230>
<http://purl.obolibrary.org/obo/FBbi_00000365>	<http://www.w3.org/2000/01/rdf-schema#subClassOf>	<http://purl.obolibrary.org/obo/FBbi_00000246>
<http://purl.obolibrary.org/obo/FBbi_00000516>	<http://www.w3.org/2000/01/rdf-schema#subClassOf>	<http://purl.obolibrary.org/obo/FBbi_00000482>
<http://purl.obolibrary.org/obo/FBbi_00000299>	<http://www.w3.org/2000/01/rdf-schema#subClassOf>	<http://purl.obolibrary.org/obo/FBbi_00000395>
<http://purl.obolibrary.org/obo/FBbi_00000566>	<http://www.w3.org/2000/01/rdf-schema#subClassOf>	<http://purl.obolibrary.org/obo/FBbi_00000539>
<http://purl.obolibrary.org/obo/FBbi_00000479>	<http://www.w3.org/2000/01/rdf-schema#subClassOf>	<http://purl.obolibrary.org/obo/FBbi_00000433>
<http://purl.obolibrary.org/obo/FBbi_00000369>	<http://www.w3.org/2000/01/rdf-schema#subClassOf>	<http://purl.obolibrary.org/obo/FBbi_00000246>
<http://purl.obolibrary.org/obo/FBbi_00000276>	<http://www.w3.org/2000/01/rdf-schema#subClassOf>	<http://purl.obolibrary.org/obo/FBbi_00000268>
<http://purl.obolibrary.org/obo/FBbi_00000025>	<http://www.w3.org/2000/01/rdf-schema#subClassOf>	<http://purl.obolibrary.org/obo/FBbi_00000014>
<http://purl.obolibrary.org/obo/FBbi_00000292>	<http://www.w3.org/2000/01/rdf-schema#subClassOf>	<http://purl.obolibrary.org/obo/FBbi_00000290>
<http://purl.obolibrary.org/obo/FBbi_00000113>	<http://www.w3.org/2000/01/rdf-schema#subClassOf>	<http://purl.obolibrary.org/obo/FBbi_00000112>
<http://purl.obolibrary.org/obo/FBbi_00000428>	<http://www.w3.org/2000/01/rdf-schema#subClassOf>	<http://purl.obolibrary.org/obo/FBbi_00000402>
<http://purl.obolibrary.org/obo/FBbi_00000055>	<http://www.w3.org/2000/01/rdf-schema#subClassOf>	<http://purl.obolibrary.org/obo/FBbi_00000112>
<http://purl.obolibrary.org/obo/FBbi_00000351>	<http://www.w3.org/2000/01/rdf-schema#subClassOf>	<http://purl.obolibrary.org/obo/FBbi_00000248>
<http://purl.obolibrary.org/obo/FBbi_00000560>	<http://www.w3.org/2000/01/rdf-schema#subClassOf>	<http://purl.obolibrary.org/obo/FBbi_00000539>
<http://purl.obolibrary.org/obo/FBbi_00000398>	<http://www.w3.org/2000/01/rdf-schema#subClassOf>	<http://purl.obolibrary.org/obo/FBbi_00000396>
<http://purl.obolibrary.org/obo/FBbi_00000386>	<http://www.w3.org/2000/01/rdf-schema#subClassOf>	<http://purl.obolibrary.org/obo/FBbi_00000383>
<http://purl.obolibrary.org/obo/FBbi_00000451>	<http://www.w3.org/2000/01/rdf-schema#subClassOf>	<http://purl.obolibrary.org/obo/FBbi_00000455>
<http://purl.obolibrary.org/obo/FBbi_00000532>	<http://www.w3.org/2000/01/rdf-schema#subClassOf>	<http://purl.obolibrary.org/obo/FBbi_00000485>
<http://purl.obolibrary.org/obo/FBbi_00000486>	<http://www.w3.org/2000/01/rdf-schema#subClassOf>	<http://purl.obolibrary.org/obo/FBbi_00000479>
<http://purl.obolibrary.org/obo/FBbi_00000426>	<http://www.w3.org/2000/01/rdf-schema#subClassOf>	<http://purl.obolibrary.org/obo/FBbi_00000402>
<http://purl.obolibrary.org/obo/FBbi_00000289>	<http://www.w3.org/2000/01/rdf-schema#subClassOf>	<http://purl.obolibrary.org/obo/FBbi_00000287>
<http://purl.obolibrary.org/obo/FBbi_00000090>	<http://www.w3.org/2000/01/rdf-schema#subClassOf>	<http://purl.obolibrary.org/obo/FBbi_00000088>
<http://purl.obolibrary.org/obo/FBbi_00000034>	<http://www.w3.org/2000/01/rdf-schema#subClassOf>	<http://purl.obolibrary.org/obo/FBbi_00000407>
<http://purl.obolibrary.org/obo/FBbi_00000563>	<http://www.w3.org/2000/01/rdf-schema#subClassOf>	<http://purl.obolibrary.org/obo/FBbi_00000539>
<http://purl.obolibrary.org/obo/FBbi_00000304>	<http://www.w3.org/2000/01/rdf-schema#subClassOf>	<http://purl.obolibrary.org/obo/FBbi_00000395>
<http://purl.obolibrary.org/obo/FBbi_00000401>	<http://www.w3.org/2000/01/rdf-schema#subClassOf>	<http://purl.obolibrary.org/obo/FBbi_00000410>
<http://purl.obolibrary.org/obo/FBbi_00000007>	<http://www.w3.org/2000/01/rdf-schema#subClassOf>	<http://purl.obolibrary.org/obo/FBbi_00000003>
<http://purl.obolibrary.org/obo/FBbi_00000403>	<http://www.w3.org/2000/01/rdf-schema#subClassOf>	<http://purl.obolibrary.org/obo/FBbi_00000397>
<http://purl.obolibrary.org/obo/FBbi_00000550>	<http://www.w3.org/2000/01/rdf-schema#subClassOf>	<http://purl.obolibrary.org/obo/FBbi_00000537>
<http://purl.obolibrary.org/obo/FBbi_00000128>	<http://www.w3.org/2000/01/rdf-schema#subClassOf>	<http://purl.obolibrary.org/obo/FBbi_00000031>
<http://purl.obolibrary.org/obo/FBbi_00000585>	<http://www.w3.org/2000/01/rdf-schema#subClassOf>	<http://purl.obolibrary.org/obo/FBbi_00000373>
<http://purl.obolibrary.org/obo/FBbi_00000554>	<http://www.w3.org/2000/01/rdf-schema#subClassOf>	<http://purl.obolibrary.org/obo/FBbi_00000537>
<http://purl.obolibrary.org/obo/FBbi_00000223>	<http://www.w3.org/2000/01/rdf-schema#subClassOf>	<http://purl.obolibrary.org/obo/FBbi_00000266>
<http://purl.obolibrary.org/obo/FBbi_00000452>	<http://www.w3.org/2000/01/rdf-schema#subClassOf>	<http://purl.obolibrary.org/obo/FBbi_00000455>
<http://purl.obolibrary.org/obo/FBbi_00000029>	<http://www.w3.org/2000/01/rdf-schema#subClassOf>	<http://purl.obolibrary.org/obo/FBbi_00000026>
<http://purl.obolibrary.org/obo/FBbi_00000377>	<http://www.w3.org/2000/01/rdf-schema#subClassOf>	<http://purl.obolibrary.org/obo/FBbi_00000269>
<http://purl.obolibrary.org/obo/FBbi_00000260>	<http://www.w3.org/2000/01/rdf-schema#subClassOf>	<http://purl.obolibrary.org/obo/FBbi_00000241>
<http://purl.obolibrary.org/obo/FBbi_00000606>	<http://www.w3.org/2000/01/rdf-schema#subClassOf>	<http://purl.obolibrary.org/obo/FBbi_00000590>
<http://purl.obolibrary.org/obo/FBbi_00000395>	<http://www.w3.org/2000/01/rdf-schema#subClassOf>	<http://purl.obolibrary.org/obo/FBbi_00000269>
<http://purl.obolibrary.org/obo/FBbi_00000593>	<http://www.w3.org/2000/01/rdf-schema#subClassOf>	<http://purl.obolibrary.org/obo/FBbi_00000590>
<http://purl.obolibrary.org/obo/FBbi_00000549>	<http://www.w3.org/2000/01/rdf-schema#subClassOf>	<http://purl.obolibrary.org/obo/FBbi_00000537>
<http://purl.obolibrary.org/obo/FBbi_00000413>	<http://www.w3.org/2000/01/rdf-schema#subClassOf>	<http://purl.obolibrary.org/obo/FBbi_00000409>
<http://purl.obolibrary.org/obo/FBbi_00000571>	<http://www.w3.org/2000/01/rdf-schema#subClassOf>	<http://purl.obolibrary.org/obo/FBbi_00000568>
<http://purl.obolibrary.org/obo/FBbi_00000529>	<http://www.w3.org/2000/01/rdf-schema#subClassOf>	<http://purl.obolibrary.org/obo/FBbi_00000483>
<http://purl.obolibrary.org/obo/FBbi_00000026>	<http://www.w3.org/2000/01/rdf-schema#subClassOf>	<http://purl.obolibrary.org/obo/FBbi_00000001>
<http://purl.obolibrary.org/obo/FBbi_00000053>	<http://www.w3.org/2000/01/rdf-schema#subClassOf>	<http://purl.obolibrary.org/obo/FBbi_00000567>
<http://purl.obolibrary.org/obo/FBbi_00000442>	<http://www.w3.org/2000/01/rdf-schema#subClassOf>	<http://purl.obolibrary.org/obo/FBbi_00000455>
<http://purl.obolibrary.org/obo/FBbi_00000524>	<http://www.w3.org/2000/01/rdf-schema#subClassOf>	<http://purl.obolibrary.org/obo/FBbi_00000483>
<http://purl.obolibrary.org/obo/FBbi_00000300>	<http://www.w3.org/2000/01/rdf-schema#subClassOf>	<http://purl.obolibrary.org/obo/FBbi_00000395>
<http://purl.obolibrary.org/obo/FBbi_00000004>	<http://www.w3.org/2000/01/rdf-schema#subClassOf>	<http://purl.obolibrary.org/obo/FBbi_00000003>
<http://purl.obolibrary.org/obo/FBbi_00000019>	<http://www.w3.org/2000/01/rdf-schema#subClassOf>	<http://purl.obolibrary.org/obo/FBbi_00000015>
<http://purl.obolibrary.org/obo/FBbi_00000270>	<http://www.w3.org/2000/01/rdf-schema#subClassOf>	<http://purl.obolibrary.org/obo/FBbi_root_00000000>
<http://purl.obolibrary.org/obo/FBbi_00000513>	<http://www.w3.org/2000/01/rdf-schema#subClassOf>	<http://purl.obolibrary.org/obo/FBbi_00000482>
<http://purl.obolibrary.org/obo/FBbi_00000470>	<http://www.w3.org/2000/01/rdf-schema#subClassOf>	<http://purl.obolibrary.org/obo/FBbi_00000436>
<http://purl.obolibrary.org/obo/FBbi_00000227>	<http://www.w3.org/2000/01/rdf-schema#subClassOf>	<http://purl.obolibrary.org/obo/FBbi_00000224>
<http://purl.obolibrary.org/obo/FBbi_00000349>	<http://www.w3.org/2000/01/rdf-schema#subClassOf>	<http://purl.obolibrary.org/obo/FBbi_00000348>
<http://purl.obolibrary.org/obo/FBbi_00000487>	<http://www.w3.org/2000/01/rdf-schema#subClassOf>	<http://purl.obolibrary.org/obo/FBbi_00000480>
<http://purl.obolibrary.org/obo/FBbi_00000078>	<http://www.w3.org/2000/01/rdf-schema#subClassOf>	<http://purl.obolibrary.org/obo/FBbi_00000076>
<http://purl.obolibrary.org/obo/FBbi_00000618>	<http://www.w3.org/2000/01/rdf-schema#subClassOf>	<http://purl.obolibrary.org/obo/FBbi_00000321>
<http://purl.obolibrary.org/obo/FBbi_00000558>	<http://www.w3.org/2000/01/rdf-schema#subClassOf>	<http://purl.obolibrary.org/obo/FBbi_00000539>
<http://purl.obolibrary.org/obo/FBbi_00000468>	<http://www.w3.org/2000/01/rdf-schema#subClassOf>	<http://purl.obolibrary.org/obo/FBbi_00000436>
<http://purl.obolibrary.org/obo/FBbi_00000447>	<http://www.w3.org/2000/01/rdf-schema#subClassOf>	<http://purl.obolibrary.org/obo/FBbi_00000455>
<http://purl.obolibrary.org/obo/FBbi_00000132>	<http://www.w3.org/2000/01/rdf-schema#subClassOf>	<http://purl.obolibrary.org/obo/FBbi_00000456>
<http://purl.obolibrary.org/obo/FBbi_00000385>	<http://www.w3.org/2000/01/rdf-schema#subClassOf>	<http://purl.obolibrary.org/obo/FBbi_00000383>
<http://purl.obolibrary.org/obo/FBbi_00001007>	<http://www.w3.org/2000/01/rdf-schema#subClassOf>	<http://purl.obolibrary.org/obo/FBbi_00001006>
<http://purl.obolibrary.org/obo/FBbi_00000290>	<http://www.w3.org/2000/01/rdf-schema#subClassOf>	<http://purl.obolibrary.org/obo/FBbi_00000285>
<http://purl.obolibrary.org/obo/FBbi_00000472>	<http://www.w3.org/2000/01/rdf-schema#subClassOf>	<http://purl.obolibrary.org/obo/FBbi_00000437>
<http://purl.obolibrary.org/obo/FBbi_00000537>	<http://www.w3.org/2000/01/rdf-schema#subClassOf>	<http://purl.obolibrary.org/obo/FBbi_00000434>
<http://purl.obolibrary.org/obo/FBbi_00000094>	<http://www.w3.org/2000/01/rdf-schema#subClassOf>	<http://purl.obolibrary.org/obo/FBbi_00000088>
<http://purl.obolibrary.org/obo/FBbi_00000613>	<http://www.w3.org/2000/01/rdf-schema#subClassOf>	<http://purl.obolibrary.org/obo/FBbi_00000395>
<http://purl.obolibrary.org/obo/FBbi_00000252>	<http://www.w3.org/2000/01/rdf-schema#subClassOf>	<http://purl.obolibrary.org/obo/FBbi_00000251>
<http://purl.obolibrary.org/obo/FBbi_00000246>	<http://www.w3.org/2000/01/rdf-schema#subClassOf>	<http://purl.obolibrary.org/obo/FBbi_00000345>
<http://purl.obolibrary.org/obo/FBbi_00000381>	<http://www.w3.org/2000/01/rdf-schema#subClassOf>	<http://purl.obolibrary.org/obo/FBbi_00000256>
<http://purl.obolibrary.org/obo/FBbi_00000307>	<http://www.w3.org/2000/01/rdf-schema#subClassOf>	<http://purl.obolibrary.org/obo/FBbi_00000269>
<http://purl.obolibrary.org/obo/FBbi_00000359>	<http://www.w3.org/2000/01/rdf-schema#subClassOf>	<http://purl.obolibrary.org/obo/FBbi_00000355>
<http://purl.obolibrary.org/obo/FBbi_00000511>	<http://www.w3.org/2000/01/rdf-schema#subClassOf>	<http://purl.obolibrary.org/obo/FBbi_00000482>
<http://purl.obolibrary.org/obo/FBbi_00000393>	<http://www.w3.org/2000/01/rdf-schema#subClassOf>	<http://purl.obolibrary.org/obo/FBbi_00000251>
<http://purl.obolibrary.org/obo/FBbi_00000602>	<http://www.w3.org/2000/01/rdf-schema#subClassOf>	<http://purl.obolibrary.org/obo/FBbi_00000590>
<http://purl.obolibrary.org/obo/FBbi_00000273>	<http://www.w3.org/2000/01/rdf-schema#subClassOf>	<http://purl.obolibrary.org/obo/FBbi_00000268>
<http://purl.obolibrary.org/obo/FBbi_00000494>	<http://www.w3.org/2000/01/rdf-schema#subClassOf>	<http://purl.obolibrary.org/obo/FBbi_00000484>
<http://purl.obolibrary.org/obo/FBbi_00000310>	<http://www.w3.org/2000/01/rdf-schema#subClassOf>	<http://purl.obolibrary.org/obo/FBbi_00000270>
<http://purl.obolibrary.org/obo/FBbi_00000039>	<http://www.w3.org/2000/01/rdf-schema#subClassOf>	<http://purl.obolibrary.org/obo/FBbi_00000567>
<http://purl.obolibrary.org/obo/FBbi_00000614>	<http://www.w3.org/2000/01/rdf-schema#subClassOf>	<http://purl.obolibrary.org/obo/FBbi_00000612>
<http://purl.obolibrary.org/obo/FBbi_00000594>	<http://www.w3.org/2000/01/rdf-schema#subClassOf>	<http://purl.obolibrary.org/obo/FBbi_00000590>
<http://purl.obolibrary.org/obo/FBbi_00000480>	<http://www.w3.org/2000/01/rdf-schema#subClassOf>	<http://purl.obolibrary.org/obo/FBbi_00000433>
<http://purl.obolibrary.org/obo/FBbi_00000477>	<http://www.w3.org/2000/01/rdf-schema#subClassOf>	<http://purl.obolibrary.org/obo/FBbi_00000439>
<http://purl.obolibrary.org/obo/FBbi_00000412>	<http://www.w3.org/2000/01/rdf-schema#subClassOf>	<http://purl.obolibrary.org/obo/FBbi_00000409>
<http://purl.obolibrary.org/obo/FBbi_00000540>	<http://www.w3.org/2000/01/rdf-schema#subClassOf>	<http://purl.obolibrary.org/obo/FBbi_00000535>
<http://purl.obolibrary.org/obo/FBbi_00000237>	<http://www.w3.org/2000/01/rdf-schema#subClassOf>	<http://purl.obolibrary.org/obo/FBbi_00000235>
<http://purl.obolibrary.org/obo/FBbi_00000489>	<http://www.w3.org/2000/01/rdf-schema#subClassOf>	<http://purl.obolibrary.org/obo/FBbi_00000480>
<http://purl.obolibrary.org/obo/FBbi_00000573>	<http://www.w3.org/2000/01/rdf-schema#subClassOf>	<http://purl.obolibrary.org/obo/FBbi_00000399>
<http://purl.obolibrary.org/obo/FBbi_00000328>	<http://www.w3.org/2000/01/rdf-schema#subClassOf>	<http://purl.obolibrary.org/obo/FBbi_00000353>
<http://purl.obolibrary.org/obo/FBbi_00000033>	<http://www.w3.org/2000/01/rdf-schema#subClassOf>	<http://purl.obolibrary.org/obo/FBbi_00000266>
<http://purl.obolibrary.org/obo/FBbi_00000066>	<http://www.w3.org/2000/01/rdf-schema#subClassOf>	<http://purl.obolibrary.org/obo/FBbi_00000421>
<http://purl.obolibrary.org/obo/FBbi_00000544>	<http://www.w3.org/2000/01/rdf-schema#subClassOf>	<http://purl.obolibrary.org/obo/FBbi_00000536>
<http://purl.obolibrary.org/obo/FBbi_00000251>	<http://www.w3.org/2000/01/rdf-schema#subClassOf>	<http://purl.obolibrary.org/obo/FBbi_00000345>
<http://purl.obolibrary.org/obo/FBbi_00000244>	<http://www.w3.org/2000/01/rdf-schema#subClassOf>	<http://purl.obolibrary.org/obo/FBbi_00000345>
<http://purl.obolibrary.org/obo/FBbi_00000091>	<http://www.w3.org/2000/01/rdf-schema#subClassOf>	<http://purl.obolibrary.org/obo/FBbi_00000090>
<http://purl.obolibrary.org/obo/FBbi_00000405>	<http://www.w3.org/2000/01/rdf-schema#subClassOf>	<http://purl.obolibrary.org/obo/FBbi_00000079>
<http://purl.obolibrary.org/obo/FBbi_00000568>	<http://www.w3.org/2000/01/rdf-schema#subClassOf>	<http://purl.obolibrary.org/obo/FBbi_00000415>
<http://purl.obolibrary.org/obo/FBbi_00000122>	<http://www.w3.org/2000/01/rdf-schema#subClassOf>	<http://purl.obolibrary.org/obo/FBbi_00000397>
<http://purl.obolibrary.org/obo/FBbi_00000011>	<http://www.w3.org/2000/01/rdf-schema#subClassOf>	<http://purl.obolibrary.org/obo/FBbi_00000008>
<http://purl.obolibrary.org/obo/FBbi_00000421>	<http://www.w3.org/2000/01/rdf-schema#subClassOf>	<http://purl.obolibrary.org/obo/FBbi_00000406>
<http://purl.obolibrary.org/obo/FBbi_00000233>	<http://www.w3.org/2000/01/rdf-schema#subClassOf>	<http://purl.obolibrary.org/obo/FBbi_00000230>
<http://purl.obolibrary.org/obo/FBbi_00000248>	<http://www.w3.org/2000/01/rdf-schema#subClassOf>	<http://purl.obolibrary.org/obo/FBbi_00000345>
<http://purl.obolibrary.org/obo/FBbi_00000360>	<http://www.w3.org/2000/01/rdf-schema#subClassOf>	<http://purl.obolibrary.org/obo/FBbi_00000357>
<http://purl.obolibrary.org/obo/FBbi_00000619>	<http://www.w3.org/2000/01/rdf-schema#subClassOf>	<http://purl.obolibrary.org/obo/FBbi_00000268>
<http://purl.obolibrary.org/obo/FBbi_00000344>	<http://www.w3.org/2000/01/rdf-schema#subClassOf>	<http://purl.obolibrary.org/obo/FBbi_00000241>
<http://purl.obolibrary.org/obo/FBbi_00000543>	<http://www.w3.org/2000/01/rdf-schema#subClassOf>	<http://purl.obolibrary.org/obo/FBbi_00000535>
<http://purl.obolibrary.org/obo/FBbi_00000390>	<http://www.w3.org/2000/01/rdf-schema#subClassOf>	<http://purl.obolibrary.org/obo/FBbi_00000383>
<http://purl.obolibrary.org/obo/FBbi_00000508>	<http://www.w3.org/2000/01/rdf-schema#subClassOf>	<http://purl.obolibrary.org/obo/FBbi_00000482>
<http://purl.obolibrary.org/obo/FBbi_00000622>	<http://www.w3.org/2000/01/rdf-schema#subClassOf>	<http://purl.obolibrary.org/obo/FBbi_00000258>
<http://purl.obolibrary.org/obo/FBbi_00000458>	<http://www.w3.org/2000/01/rdf-schema#subClassOf>	<http://purl.obolibrary.org/obo/FBbi_00000455>
<http://purl.obolibrary.org/obo/FBbi_00000418>	<http://www.w3.org/2000/01/rdf-schema#subClassOf>	<http://purl.obolibrary.org/obo/FBbi_00000407>
<http://purl.obolibrary.org/obo/FBbi_00000499>	<http://www.w3.org/2000/01/rdf-schema#subClassOf>	<http://purl.obolibrary.org/obo/FBbi_00000481>
<http://purl.obolibrary.org/obo/FBbi_00000432>	<http://www.w3.org/2000/01/rdf-schema#subClassOf>	<http://purl.obolibrary.org/obo/FBbi_00000400>
<http://purl.obolibrary.org/obo/FBbi_00000112>	<http://www.w3.org/2000/01/rdf-schema#subClassOf>	<http://purl.obolibrary.org/obo/FBbi_00000403>
<http://purl.obolibrary.org/obo/FBbi_00000588>	<http://www.w3.org/2000/01/rdf-schema#subClassOf>	<http://purl.obolibrary.org/obo/FBbi_00000309>
<http://purl.obolibrary.org/obo/FBbi_00000058>	<http://www.w3.org/2000/01/rdf-schema#subClassOf>	<http://purl.obolibrary.org/obo/FBbi_00000567>
<http://purl.obolibrary.org/obo/FBbi_00000389>	<http://www.w3.org/2000/01/rdf-schema#subClassOf>	<http://purl.obolibrary.org/obo/FBbi_00000383>
<http://purl.obolibrary.org/obo/FBbi_00000436>	<http://www.w3.org/2000/01/rdf-schema#subClassOf>	<http://purl.obolibrary.org/obo/FBbi_00000420>
<http://purl.obolibrary.org/obo/FBbi_00000547>	<http://www.w3.org/2000/01/rdf-schema#subClassOf>	<http://purl.obolibrary.org/obo/FBbi_00000536>
<http://purl.obolibrary.org/obo/FBbi_00000481>	<http://www.w3.org/2000/01/rdf-schema#subClassOf>	<http://purl.obolibrary.org/obo/FBbi_00000433>
<http://purl.obolibrary.org/obo/FBbi_00000504>	<http://www.w3.org/2000/01/rdf-schema#subClassOf>	<http://purl.obolibrary.org/obo/FBbi_00000481>
<http://purl.obolibrary.org/obo/FBbi_00000620>	<http://www.w3.org/2000/01/rdf-schema#subClassOf>	<http://purl.obolibrary.org/obo/FBbi_00000268>
<http://purl.obolibrary.org/obo/FBbi_00000284>	<http://www.w3.org/2000/01/rdf-schema#subClassOf>	<http://purl.obolibrary.org/obo/FBbi_00000268>
<http://purl.obolibrary.org/obo/FBbi_00000420>	<http://www.w3.org/2000/01/rdf-schema#subClassOf>	<http://purl.obolibrary.org/obo/FBbi_00000405>
<http://purl.obolibrary.org/obo/FBbi_00000363>	<http://www.w3.org/2000/01/rdf-schema#subClassOf>	<http://purl.obolibrary.org/obo/FBbi_00000357>
<http://purl.obolibrary.org/obo/FBbi_00000268>	<http://www.w3.org/2000/01/rdf-schema#subClassOf>	<http://purl.obolibrary.org/obo/FBbi_root_00000000>
<http://purl.obolibrary.org/obo/FBbi_00000008>	<http://www.w3.org/2000/01/rdf-schema#subClassOf>	<http://purl.obolibrary.org/obo/FBbi_00000002>
<http://purl.obolibrary.org/obo/FBbi_00000410>	<http://www.w3.org/2000/01/rdf-schema#subClassOf>	<http://purl.obolibrary.org/obo/FBbi_00000397>
<http://purl.obolibrary.org/obo/FBbi_00000231>	<http://www.w3.org/2000/01/rdf-schema#subClassOf>	<http://purl.obolibrary.org/obo/FBbi_00000230>
<http://purl.obolibrary.org/obo/FBbi_00000118>	<http://www.w3.org/2000/01/rdf-schema#subClassOf>	<http://purl.obolibrary.org/obo/FBbi_00000088>
<http://purl.obolibrary.org/obo/FBbi_00000054>	<http://www.w3.org/2000/01/rdf-schema#subClassOf>	<http://purl.obolibrary.org/obo/FBbi_00000411>
<http://purl.obolibrary.org/obo/FBbi_00000498>	<http://www.w3.org/2000/01/rdf-schema#subClassOf>	<http://purl.obolibrary.org/obo/FBbi_00000484>
<http://purl.obolibrary.org/obo/FBbi_00000241>	<http://www.w3.org/2000/01/rdf-schema#subClassOf>	<http://purl.obolibrary.org/obo/FBbi_00000265>
<http://purl.obolibrary.org/obo/FBbi_00000297>	<http://www.w3.org/2000/01/rdf-schema#subClassOf>	<http://purl.obolibrary.org/obo/FBbi_00000394>
<http://purl.obolibrary.org/obo/FBbi_00000040>	<http://www.w3.org/2000/01/rdf-schema#subClassOf>	<http://purl.obolibrary.org/obo/FBbi_00000567>
<http://purl.obolibrary.org/obo/FBbi_00000080>	<http://www.w3.org/2000/01/rdf-schema#subClassOf>	<http://purl.obolibrary.org/obo/FBbi_00000435>
<http://purl.obolibrary.org/obo/FBbi_00000302>	<http://www.w3.org/2000/01/rdf-schema#subClassOf>	<http://purl.obolibrary.org/obo/FBbi_00000395>
<http://purl.obolibrary.org/obo/FBbi_00000063>	<http://www.w3.org/2000/01/rdf-schema#subClassOf>	<http://purl.obolibrary.org/obo/FBbi_00000567>
<http://purl.obolibrary.org/obo/FBbi_00000126>	<http://www.w3.org/2000/01/rdf-schema#subClassOf>	<http://purl.obolibrary.org/obo/FBbi_00000122>
<http://purl.obolibrary.org/obo/FBbi_00000569>	<http://www.w3.org/2000/01/rdf-schema#subClassOf>	<http://purl.obolibrary.org/obo/FBbi_00000568>
<http://purl.obolibrary.org/obo/FBbi_00000115>	<http://www.w3.org/2000/01/rdf-schema#subClassOf>	<http://purl.obolibrary.org/obo/FBbi_00000112>
<http://purl.obolibrary.org/obo/FBbi_00000222>	<http://www.w3.org/2000/01/rdf-schema#subClassOf>	<http://purl.obolibrary.org/obo/FBbi_root_00000000>
<http://purl.obolibrary.org/obo/FBbi_00000443>	<http://www.w3.org/2000/01/rdf-schema#subClassOf>	<http://purl.obolibrary.org/obo/FBbi_00000455>
<http://purl.obolibrary.org/obo/FBbi_00000257>	<http://www.w3.org/2000/01/rdf-schema#subClassOf>	<http://purl.obolibrary.org/obo/FBbi_00000256>
<http://purl.obolibrary.org/obo/FBbi_00000027>	<http://www.w3.org/2000/01/rdf-schema#subClassOf>	<http://purl.obolibrary.org/obo/FBbi_00000026>
<http://purl.obolibrary.org/obo/FBbi_00000373>	<http://www.w3.org/2000/01/rdf-schema#subClassOf>	<http://purl.obolibrary.org/obo/FBbi_00000256>
<http://purl.obolibrary.org/obo/FBbi_00000309>	<http://www.w3.org/2000/01/rdf-schema#subClassOf>	<http://purl.obolibrary.org/obo/FBbi_00000270>
<http://purl.obolibrary.org/obo/FBbi_00000527>	<http://www.w3.org/2000/01/rdf-schema#subClassOf>	<http://purl.obolibrary.org/obo/FBbi_00000483>
<http://purl.obolibrary.org/obo/FBbi_00000474>	<http://www.w3.org/2000/01/rdf-schema#subClassOf>	<http://purl.obolibrary.org/obo/FBbi_00000439>
<http://purl.obolibrary.org/obo/FBbi_00000434>	<http://www.w3.org/2000/01/rdf-schema#subClassOf>	<http://purl.obolibrary.org/obo/FBbi_00000405>
<http://purl.obolibrary.org/obo/FBbi_00000378>	<http://www.w3.org/2000/01/rdf-schema#subClassOf>	<http://purl.obolibrary.org/obo/FBbi_00000374>
<http://purl.obolibrary.org/obo/FBbi_00000256>	<http://www.w3.org/2000/01/rdf-schema#subClassOf>	<http://purl.obolibrary.org/obo/FBbi_00000343>
<http://purl.obolibrary.org/obo/FBbi_00000046>	<http://www.w3.org/2000/01/rdf-schema#subClassOf>	<http://purl.obolibrary.org/obo/FBbi_00000460>
<http://purl.obolibrary.org/obo/FBbi_00000024>	<http://www.w3.org/2000/01/rdf-schema#subClassOf>	<http://purl.obolibrary.org/obo/FBbi_00000001>
<http://purl.obolibrary.org/obo/FBbi_00000392>	<http://www.w3.org/2000/01/rdf-schema#subClassOf>	<http://purl.obolibrary.org/obo/FBbi_00000251>
<http://purl.obolibrary.org/obo/FBbi_00000003>	<http://www.w3.org/2000/01/rdf-schema#subClassOf>	<http://purl.obolibrary.org/obo/FBbi_00000263>
<http://purl.obolibrary.org/obo/FBbi_00000419>	<http://www.w3.org/2000/01/rdf-schema#subClassOf>	<http://purl.obolibrary.org/obo/FBbi_00000013>
<http://purl.obolibrary.org/obo/FBbi_00000611>	<http://www.w3.org/2000/01/rdf-schema#subClassOf>	<http://purl.obolibrary.org/obo/FBbi_00000001>
<http://purl.obolibrary.org/obo/FBbi_00000522>	<http://www.w3.org/2000/01/rdf-schema#subClassOf>	<http://purl.obolibrary.org/obo/FBbi_00000483>
<http://purl.obolibrary.org/obo/FBbi_00000491>	<http://www.w3.org/2000/01/rdf-schema#subClassOf>	<http://purl.obolibrary.org/obo/FBbi_00000484>
<http://purl.obolibrary.org/obo/FBbi_00000464>	<http://www.w3.org/2000/01/rdf-schema#subClassOf>	<http://purl.obolibrary.org/obo/FBbi_00000463>
<http://purl.obolibrary.org/obo/FBbi_00000051>	<http://www.w3.org/2000/01/rdf-schema#subClassOf>	<http://purl.obolibrary.org/obo/FBbi_00000421>
<http://purl.obolibrary.org/obo/FBbi_00000520>	<http://www.w3.org/2000/01/rdf-schema#subClassOf>	<http://purl.obolibrary.org/obo/FBbi_00000483>
<http://purl.obolibrary.org/obo/FBbi_00000095>	<http://www.w3.org/2000/01/rdf-schema#subClassOf>	<http://purl.obolibrary.org/obo/FBbi_00000094>
<http://purl.obolibrary.org/obo/FBbi_00000229>	<http://www.w3.org/2000/01/rdf-schema#subClassOf>	<http://purl.obolibrary.org/obo/FBbi_00000223>
<http://purl.obolibrary.org/obo/FBbi_00000225>	<http://www.w3.org/2000/01/rdf-schema#subClassOf>	<http://purl.obolibrary.org/obo/FBbi_00000224>
<http://purl.obolibrary.org/obo/FBbi_00000578>	<http://www.w3.org/2000/01/rdf-schema#subClassOf>	<http://purl.obolibrary.org/obo/FBbi_00000122>
<http://purl.obolibrary.org/obo/FBbi_00000204>	<http://www.w3.org/2000/01/rdf-schema#subClassOf>	<http://purl.obolibrary.org/obo/FBbi_00000400>
<http://purl.obolibrary.org/obo/FBbi_00000372>	<http://www.w3.org/2000/01/rdf-schema#subClassOf>	<http://purl.obolibrary.org/obo/FBbi_00000257>
<http://purl.obolibrary.org/obo/FBbi_00000609>	<http://www.w3.org/2000/01/rdf-schema#subClassOf>	<http://purl.obolibrary.org/obo/FBbi_00001012>
<http://purl.obolibrary.org/obo/FBbi_00001000>	<http://www.w3.org/2000/01/rdf-schema#subClassOf>	<http://purl.obolibrary.org/obo/FBbi_00000265>
<http://purl.obolibrary.org/obo/FBbi_00000580>	<http://www.w3.org/2000/01/rdf-schema#subClassOf>	<http://purl.obolibrary.org/obo/FBbi_00000270>
<http://purl.obolibrary.org/obo/FBbi_00000049>	<http://www.w3.org/2000/01/rdf-schema#subClassOf>	<http://purl.obolibrary.org/obo/FBbi_00000567>
<http://purl.obolibrary.org/obo/FBbi_00000288>	<http://www.w3.org/2000/01/rdf-schema#subClassOf>	<http://purl.obolibrary.org/obo/FBbi_00000287>
<http://purl.obolibrary.org/obo/FBbi_00000445>	<http://www.w3.org/2000/01/rdf-schema#subClassOf>	<http://purl.obolibrary.org/obo/FBbi_00000455>
<http://purl.obolibrary.org/obo/FBbi_00000021>	<http://www.w3.org/2000/01/rdf-schema#subClassOf>	<http://purl.obolibrary.org/obo/FBbi_00000019>
<http://purl.obolibrary.org/obo/FBbi_00000483>	<http://www.w3.org/2000/01/rdf-schema#subClassOf>	<http://purl.obolibrary.org/obo/FBbi_00000433>
<http://purl.obolibrary.org/obo/FBbi_00000597>	<http://www.w3.org/2000/01/rdf-schema#subClassOf>	<http://purl.obolibrary.org/obo/FBbi_00000590>
<http://purl.obolibrary.org/obo/FBbi_00000456>	<http://www.w3.org/2000/01/rdf-schema#subClassOf>	<http://purl.obolibrary.org/obo/FBbi_00000128>
<http://purl.obolibrary.org/obo/FBbi_00000478>	<http://www.w3.org/2000/01/rdf-schema#subClassOf>	<http://purl.obolibrary.org/obo/FBbi_00000439>
<http://purl.obolibrary.org/obo/FBbi_00000579>	<http://www.w3.org/2000/01/rdf-schema#subClassOf>	<http://purl.obolibrary.org/obo/FBbi_00000001>
<http://purl.obolibrary.org/obo/FBbi_00000379>	<http://www.w3.org/2000/01/rdf-schema#subClassOf>	<http://purl.obolibrary.org/obo/FBbi_00000374>
<http://purl.obolibrary.org/obo/FBbi_00000269>	<http://www.w3.org/2000/01/rdf-schema#subClassOf>	<http://purl.obolibrary.org/obo/FBbi_root_00000000>
<http://purl.obolibrary.org/obo/FBbi_00000603>	<http://www.w3.org/2000/01/rdf-schema#subClassOf>	<http://purl.obolibrary.org/obo/FBbi_00000246>
<http://purl.obolibrary.org/obo/FBbi_00000600>	<http://www.w3.org/2000/01/rdf-schema#subClassOf>	<http://purl.obolibrary.org/obo/FBbi_00000590>
<http://purl.obolibrary.org/obo/FBbi_00000014>	<http://www.w3.org/2000/01/rdf-schema#subClassOf>	<http://purl.obolibrary.org/obo/FBbi_00001012>
<http://purl.obolibrary.org/obo/FBbi_00000279>	<http://www.w3.org/2000/01/rdf-schema#subClassOf>	<http://purl.obolibrary.org/obo/FBbi_00000268>
<http://purl.obolibrary.org/obo/FBbi_00000492>	<http://www.w3.org/2000/01/rdf-schema#subClassOf>	<http://purl.obolibrary.org/obo/FBbi_00000484>
<http://purl.obolibrary.org/obo/FBbi_00000339>	<http://www.w3.org/2000/01/rdf-schema#subClassOf>	<http://purl.obolibrary.org/obo/FBbi_00000333>
<http://purl.obolibrary.org/obo/FBbi_00000330>	<http://www.w3.org/2000/01/rdf-schema#subClassOf>	<http://purl.obolibrary.org/obo/FBbi_00000322>
<http://purl.obolibrary.org/obo/FBbi_00000621>	<http://www.w3.org/2000/01/rdf-schema#subClassOf>	<http://purl.obolibrary.org/obo/FBbi_00000013>
<http://purl.obolibrary.org/obo/FBbi_00000376>	<http://www.w3.org/2000/01/rdf-schema#subClassOf>	<http://purl.obolibrary.org/obo/FBbi_00000269>
<http://purl.obolibrary.org/obo/FBbi_00000394>	<http://www.w3.org/2000/01/rdf-schema#subClassOf>	<http://purl.obolibrary.org/obo/FBbi_00000269>
<http://purl.obolibrary.org/obo/FBbi_00000592>	<http://www.w3.org/2000/01/rdf-schema#subClassOf>	<http://purl.obolibrary.org/obo/FBbi_00000590>
<http://purl.obolibrary.org/obo/FBbi_00000411>	<http://www.w3.org/2000/01/rdf-schema#subClassOf>	<http://purl.obolibrary.org/obo/FBbi_00000409>
<http://purl.obolibrary.org/obo/FBbi_00000570>	<http://www.w3.org/2000/01/rdf-schema#subClassOf>	<http://purl.obolibrary.org/obo/FBbi_00000568>
<http://purl.obolibrary.org/obo/FBbi_00000191>	<http://www.w3.org/2000/01/rdf-schema#subClassOf>	<http://purl.obolibrary.org/obo/FBbi_00000455>
<http://purl.obolibrary.org/obo/FBbi_00000615>	<http://www.w3.org/2000/01/rdf-schema#subClassOf>	<http://purl.obolibrary.org/obo/FBbi_00000614>
<http://purl.obolibrary.org/obo/FBbi_00000068>	<http://www.w3.org/2000/01/rdf-schema#subClassOf>	<http://purl.obolibrary.org/obo/FBbi_00000422>
<http://purl.obolibrary.org/obo/FBbi_00000064>	<http://www.w3.org/2000/01/rdf-schema#subClassOf>	<http://purl.obolibrary.org/obo/FBbi_00000421>
<http://purl.obolibrary.org/obo/FBbi_00000265>	<http://www.w3.org/2000/01/rdf-schema#subClassOf>	<http://purl.obolibrary.org/obo/FBbi_00000222>
<http://purl.obolibrary.org/obo/FBbi_00000599>	<http://www.w3.org/2000/01/rdf-schema#subClassOf>	<http://purl.obolibrary.org/obo/FBbi_00000590>
<http://purl.obolibrary.org/obo/FBbi_00001005>	<http://www.w3.org/2000/01/rdf-schema#subClassOf>	<http://purl.obolibrary.org/obo/FBbi_00001004>
<http://purl.obolibrary.org/obo/FBbi_00000495>	<http://www.w3.org/2000/01/rdf-schema#subClassOf>	<http://purl.obolibrary.org/obo/FBbi_00000484>
<http://purl.obolibrary.org/obo/FBbi_00000087>	<http://www.w3.org/2000/01/rdf-schema#subClassOf>	<http://purl.obolibrary.org/obo/FBbi_00000407>
<http://purl.obolibrary.org/obo/FBbi_00000352>	<http://www.w3.org/2000/01/rdf-schema#subClassOf>	<http://purl.obolibrary.org/obo/FBbi_00000269>
<http://purl.obolibrary.org/obo/FBbi_00000060>	<http://www.w3.org/2000/01/rdf-schema#subClassOf>	<http://purl.obolibrary.org/obo/FBbi_00000112>
<http://purl.obolibrary.org/obo/FBbi_00000286>	<http://www.w3.org/2000/01/rdf-schema#subClassOf>	<http://purl.obolibrary.org/obo/FBbi_00000278>
<http://purl.obolibrary.org/obo/FBbi_00000215>	<http://www.w3.org/2000/01/rdf-schema#subClassOf>	<http://purl.obolibrary.org/obo/FBbi_00000400>
<http://purl.obolibrary.org/obo/FBbi_00000337>	<http://www.w3.org/2000/01/rdf-schema#subClassOf>	<http://purl.obolibrary.org/obo/FBbi_00000333>
<http://purl.obolibrary.org/obo/FBbi_00000114>	<http://www.w3.org/2000/01/rdf-schema#subClassOf>	<http://purl.obolibrary.org/obo/FBbi_00000112>
<http://purl.obolibrary.org/obo/FBbi_00000427>	<http://www.w3.org/2000/01/rdf-schema#subClassOf>	<http://purl.obolibrary.org/obo/FBbi_00000402>
<http://purl.obolibrary.org/obo/FBbi_00000076>	<http://www.w3.org/2000/01/rdf-schema#subClassOf>	<http://purl.obolibrary.org/obo/FBbi_00000079>
<http://purl.obolibrary.org/obo/FBbi_00000471>	<http://www.w3.org/2000/01/rdf-schema#subClassOf>	<http://purl.obolibrary.org/obo/FBbi_00000437>
<http://purl.obolibrary.org/obo/FBbi_00000396>	<http://www.w3.org/2000/01/rdf-schema#subClassOf>	<http://purl.obolibrary.org/obo/FBbi_00000031>
<http://purl.obolibrary.org/obo/FBbi_00000005>	<http://www.w3.org/2000/01/rdf-schema#subClassOf>	<http://purl.obolibrary.org/obo/FBbi_00000003>
<http://purl.obolibrary.org/obo/FBbi_00000598>	<http://www.w3.org/2000/01/rdf-schema#subClassOf>	<http://purl.obolibrary.org/obo/FBbi_00000590>
<http://purl.obolibrary.org/obo/FBbi_00000536>	<http://www.w3.org/2000/01/rdf-schema#subClassOf>	<http://purl.obolibrary.org/obo/FBbi_00000434>
<http://purl.obolibrary.org/obo/FBbi_00000387>	<http://www.w3.org/2000/01/rdf-schema#subClassOf>	<http://purl.obolibrary.org/obo/FBbi_00000383>
<http://purl.obolibrary.org/obo/FBbi_00000506>	<http://www.w3.org/2000/01/rdf-schema#subClassOf>	<http://purl.obolibrary.org/obo/FBbi_00000482>
<http://purl.obolibrary.org/obo/FBbi_00000455>	<http://www.w3.org/2000/01/rdf-schema#subClassOf>	<http://purl.obolibrary.org/obo/FBbi_00000128>
<http://purl.obolibrary.org/obo/FBbi_00000109>	<http://www.w3.org/2000/01/rdf-schema#subClassOf>	<http://purl.obolibrary.org/obo/FBbi_00000094>
<http://purl.obolibrary.org/obo/FBbi_00000502>	<http://www.w3.org/2000/01/rdf-schema#subClassOf>	<http://purl.obolibrary.org/obo/FBbi_00000481>
<http://purl.obolibrary.org/obo/FBbi_00000324>	<http://www.w3.org/2000/01/rdf-schema#subClassOf>	<http://purl.obolibrary.org/obo/FBbi_00000353>
<http://purl.obolibrary.org/obo/FBbi_00000264>	<http://www.w3.org/2000/01/rdf-schema#subClassOf>	<http://purl.obolibrary.org/obo/FBbi_00000093>
<http://purl.obolibrary.org/obo/FBbi_00000100>	<http://www.w3.org/2000/01/rdf-schema#subClassOf>	<http://purl.obolibrary.org/obo/FBbi_00000459>
<http://purl.obolibrary.org/obo/FBbi_00000261>	<http://www.w3.org/2000/01/rdf-schema#subClassOf>	<http://purl.obolibrary.org/obo/FBbi_00000266>
<http://purl.obolibrary.org/obo/FBbi_00000548>	<http://www.w3.org/2000/01/rdf-schema#subClassOf>	<http://purl.obolibrary.org/obo/FBbi_00000536>
<http://purl.obolibrary.org/obo/FBbi_00000425>	<http://www.w3.org/2000/01/rdf-schema#subClassOf>	<http://purl.obolibrary.org/obo/FBbi_00000402>
<http://purl.obolibrary.org/obo/FBbi_00000438>	<http://www.w3.org/2000/01/rdf-schema#subClassOf>	<http://purl.obolibrary.org/obo/FBbi_00000112>
<http://purl.obolibrary.org/obo/FBbi_00000354>	<http://www.w3.org/2000/01/rdf-schema#subClassOf>	<http://purl.obolibrary.org/obo/FBbi_00000323>
<http://purl.obolibrary.org/obo/FBbi_00000586>	<http://www.w3.org/2000/01/rdf-schema#subClassOf>	<http://purl.obolibrary.org/obo/FBbi_00000310>
<http://purl.obolibrary.org/obo/FBbi_00000496>	<http://www.w3.org/2000/01/rdf-schema#subClassOf>	<http://purl.obolibrary.org/obo/FBbi_00000484>
<http://purl.obolibrary.org/obo/FBbi_00000562>	<http://www.w3.org/2000/01/rdf-schema#subClassOf>	<http://purl.obolibrary.org/obo/FBbi_00000539>
<http://purl.obolibrary.org/obo/FBbi_00000402>	<http://www.w3.org/2000/01/rdf-schema#subClassOf>	<http://purl.obolibrary.org/obo/FBbi_00000410>
<http://purl.obolibrary.org/obo/FBbi_00000121>	<http://www.w3.org/2000/01/rdf-schema#subClassOf>	<http://purl.obolibrary.org/obo/FBbi_00000120>
<http://purl.obolibrary.org/obo/FBbi_00000333>	<http://www.w3.org/2000/01/rdf-schema#subClassOf>	<http://purl.obolibrary.org/obo/FBbi_00000321>
<http://purl.obolibrary.org/obo/FBbi_00000295>	<http://www.w3.org/2000/01/rdf-schema#subClassOf>	<http://purl.obolibrary.org/obo/FBbi_00000394>
<http://purl.obolibrary.org/obo/FBbi_00000044>	<http://www.w3.org/2000/01/rdf-schema#subClassOf>	<http://purl.obolibrary.org/obo/FBbi_00000567>
<http://purl.obolibrary.org/obo/FBbi_00000124>	<http://www.w3.org/2000/01/rdf-schema#subClassOf>	<http://purl.obolibrary.org/obo/FBbi_00000122>
<http://purl.obolibrary.org/obo/FBbi_00000326>	<http://www.w3.org/2000/01/rdf-schema#subClassOf>	<http://purl.obolibrary.org/obo/FBbi_00000322>
<http://purl.obolibrary.org/obo/FBbi_00000406>	<http://www.w3.org/2000/01/rdf-schema#subClassOf>	<http://purl.obolibrary.org/obo/FBbi_00000403>
<http://purl.obolibrary.org/obo/FBbi_00000347>	<http://www.w3.org/2000/01/rdf-schema#subClassOf>	<http://purl.obolibrary.org/obo/FBbi_00000344>
<http://purl.obolibrary.org/obo/FBbi_00000397>	<http://www.w3.org/2000/01/rdf-schema#subClassOf>	<http://purl.obolibrary.org/obo/FBbi_00000031>
<http://purl.obolibrary.org/obo/FBbi_00000553>	<http://www.w3.org/2000/01/rdf-schema#subClassOf>	<http://purl.obolibrary.org/obo/FBbi_00000537>
<http://purl.obolibrary.org/obo/FBbi_00000453>	<http://www.w3.org/2000/01/rdf-schema#subClassOf>	<http://purl.obolibrary.org/obo/FBbi_00000455>
<http://purl.obolibrary.org/obo/FBbi_00000062>	<http://www.w3.org/2000/01/rdf-schema#subClassOf>	<http://purl.obolibrary.org/obo/FBbi_00000411>
<http://purl.obolibrary.org/obo/FBbi_00000605>	<http://www.w3.org/2000/01/rdf-schema#subClassOf>	<http://purl.obolibrary.org/obo/FBbi_00000590>
<http://purl.obolibrary.org/obo/FBbi_00000565>	<http://www.w3.org/2000/01/rdf-schema#subClassOf>	<http://purl.obolibrary.org/obo/FBbi_00000539>
<http://purl.obolibrary.org/obo/FBbi_00000281>	<http://www.w3.org/2000/01/rdf-schema#subClassOf>	<http://purl.obolibrary.org/obo/FBbi_00000268>
<http://purl.obolibrary.org/obo/FBbi_00000525>	<http://www.w3.org/2000/01/rdf-schema#subClassOf>	<http://purl.obolibrary.org/obo/FBbi_00000483>
<http://purl.obolibrary.org/obo/FBbi_00000301>	<http://www.w3.org/2000/01/rdf-schema#subClassOf>	<http://purl.obolibrary.org/obo/FBbi_00000395>
<http://purl.obolibrary.org/obo/FBbi_00000514>	<http://www.w3.org/2000/01/rdf-schema#subClassOf>	<http://purl.obolibrary.org/obo/FBbi_00000482>
<http://purl.obolibrary.org/obo/FBbi_00000057>	<http://www.w3.org/2000/01/rdf-schema#subClassOf>	<http://purl.obolibrary.org/obo/FBbi_00000118>
<http://purl.obolibrary.org/obo/FBbi_00000156>	<http://www.w3.org/2000/01/rdf-schema#subClassOf>	<http://purl.obolibrary.org/obo/FBbi_00000401>
<http://purl.obolibrary.org/obo/FBbi_00000517>	<http://www.w3.org/2000/01/rdf-schema#subClassOf>	<http://purl.obolibrary.org/obo/FBbi_00000482>
<http://purl.obolibrary.org/obo/FBbi_00000582>	<http://www.w3.org/2000/01/rdf-schema#subClassOf>	<http://purl.obolibrary.org/obo/FBbi_00000323>
<http://purl.obolibrary.org/obo/FBbi_00000116>	<http://www.w3.org/2000/01/rdf-schema#subClassOf>	<http://purl.obolibrary.org/obo/FBbi_00000112>
<http://purl.obolibrary.org/obo/FBbi_00000557>	<http://www.w3.org/2000/01/rdf-schema#subClassOf>	<http://purl.obolibrary.org/obo/FBbi_00000539>
<http://purl.obolibrary.org/obo/FBbi_00000448>	<http://www.w3.org/2000/01/rdf-schema#subClassOf>	<http://purl.obolibrary.org/obo/FBbi_00000455>
<http://purl.obolibrary.org/obo/FBbi_00000291>	<http://www.w3.org/2000/01/rdf-schema#subClassOf>	<http://purl.obolibrary.org/obo/FBbi_00000285>
<http://purl.obolibrary.org/obo/FBbi_00000129>	<http://www.w3.org/2000/01/rdf-schema#subClassOf>	<http://purl.obolibrary.org/obo/FBbi_00000093>
<http://purl.obolibrary.org/obo/FBbi_00000399>	<http://www.w3.org/2000/01/rdf-schema#subClassOf>	<http://purl.obolibrary.org/obo/FBbi_00000396>
<http://purl.obolibrary.org/obo/FBbi_00000315>	<http://www.w3.org/2000/01/rdf-schema#subClassOf>	<http://purl.obolibrary.org/obo/FBbi_00000270>
<http://purl.obolibrary.org/obo/FBbi_00000595>	<http://www.w3.org/2000/01/rdf-schema#subClassOf>	<http://purl.obolibrary.org/obo/FBbi_00000590>
<http://purl.obolibrary.org/obo/FBbi_00000533>	<http://www.w3.org/2000/01/rdf-schema#subClassOf>	<http://purl.obolibrary.org/obo/FBbi_00000485>
<http://purl.obolibrary.org/obo/FBbi_00000306>	<http://www.w3.org/2000/01/rdf-schema#subClassOf>	<http://purl.obolibrary.org/obo/FBbi_00000269>
<http://purl.obolibrary.org/obo/FBbi_00000576>	<http://www.w3.org/2000/01/rdf-schema#subClassOf>	<http://purl.obolibrary.org/obo/FBbi_00000399>
<http://purl.obolibrary.org/obo/FBbi_00000601>	<http://www.w3.org/2000/01/rdf-schema#subClassOf>	<http://purl.obolibrary.org/obo/FBbi_00000590>
<http://purl.obolibrary.org/obo/FBbi_00000249>	<http://www.w3.org/2000/01/rdf-schema#subClassOf>	<http://purl.obolibrary.org/obo/FBbi_00000345>
<http://purl.obolibrary.org/obo/FBbi_00000515>	<http://www.w3.org/2000/01/rdf-schema#subClassOf>	<http://purl.obolibrary.org/obo/FBbi_00000482>
<http://purl.obolibrary.org/obo/FBbi_00000462>	<http://www.w3.org/2000/01/rdf-schema#subClassOf>	<http://purl.obolibrary.org/obo/FBbi_00000435>
<http://purl.obolibrary.org/obo/FBbi_00000038>	<http://www.w3.org/2000/01/rdf-schema#subClassOf>	<http://purl.obolibrary.org/obo/FBbi_00000422>
<http://purl.obolibrary.org/obo/FBbi_00000277>	<http://www.w3.org/2000/01/rdf-schema#subClassOf>	<http://purl.obolibrary.org/obo/FBbi_00000268>
<http://purl.obolibrary.org/obo/FBbi_00001003>	<http://www.w3.org/2000/01/rdf-schema#subClassOf>	<http://purl.obolibrary.org/obo/FBbi_00001000>
<http://purl.obolibrary.org/obo/FBbi_00000476>	<http://www.w3.org/2000/01/rdf-schema#subClassOf>	<http://purl.obolibrary.org/obo/FBbi_00000439>
<http://purl.obolibrary.org/obo/FBbi_00000539>	<http://www.w3.org/2000/01/rdf-schema#subClassOf>	<http://purl.obolibrary.org/obo/FBbi_00000434>
<http://purl.obolibrary.org/obo/FBbi_00000012>	<http://www.w3.org/2000/01/rdf-schema#subClassOf>	<http://purl.obolibrary.org/obo/FBbi_00000008>
<http://purl.obolibrary.org/obo/FBbi_00000574>	<http://www.w3.org/2000/01/rdf-schema#subClassOf>	<http://purl.obolibrary.org/obo/FBbi_00000399>
<http://purl.obolibrary.org/obo/FBbi_00000449>	<http://www.w3.org/2000/01/rdf-schema#subClassOf>	<http://purl.obolibrary.org/obo/FBbi_00000455>
<http://purl.obolibrary.org/obo/FBbi_00000433>	<http://www.w3.org/2000/01/rdf-schema#subClassOf>	<http://purl.obolibrary.org/obo/FBbi_00000405>
<http://purl.obolibrary.org/obo/FBbi_00000313>	<http://www.w3.org/2000/01/rdf-schema#subClassOf>	<http://purl.obolibrary.org/obo/FBbi_00000270>
<http://purl.obolibrary.org/obo/FBbi_00000047>	<http://www.w3.org/2000/01/rdf-schema#subClassOf>	<http://purl.obolibrary.org/obo/FBbi_00000422>
<http://purl.obolibrary.org/obo/FBbi_00000258>	<http://www.w3.org/2000/01/rdf-schema#subClassOf>	<http://purl.obolibrary.org/obo/FBbi_00000256>
<http://purl.obolibrary.org/obo/FBbi_00000255>	<http://www.w3.org/2000/01/rdf-schema#subClassOf>	<http://purl.obolibrary.org/obo/FBbi_00000345>
<http://purl.obolibrary.org/obo/FBbi_00000414>	<http://www.w3.org/2000/01/rdf-schema#subClassOf>	<http://purl.obolibrary.org/obo/FBbi_00000409>
<http://purl.obolibrary.org/obo/FBbi_00000542>	<http://www.w3.org/2000/01/rdf-schema#subClassOf>	<http://purl.obolibrary.org/obo/FBbi_00000535>
<http://purl.obolibrary.org/obo/FBbi_00000041>	<http://www.w3.org/2000/01/rdf-schema#subClassOf>	<http://purl.obolibrary.org/obo/FBbi_00000460>
<http://purl.obolibrary.org/obo/FBbi_00000323>	<http://www.w3.org/2000/01/rdf-schema#subClassOf>	<http://purl.obolibrary.org/obo/FBbi_00000271>
<http://purl.obolibrary.org/obo/FBbi_00000509>	<http://www.w3.org/2000/01/rdf-schema#subClassOf>	<http://purl.obolibrary.org/obo/FBbi_00000482>
<http://purl.obolibrary.org/obo/FBbi_00000073>	<http://www.w3.org/2000/01/rdf-schema#subClassOf>	<http://purl.obolibrary.org/obo/FBbi_00000459>
<http://purl.obolibrary.org/obo/FBbi_00000604>	<http://www.w3.org/2000/01/rdf-schema#subClassOf>	<http://purl.obolibrary.org/obo/FBbi_00000590>
<http://purl.obolibrary.org/obo/FBbi_00000335>	<http://www.w3.org/2000/01/rdf-schema#subClassOf>	<http://purl.obolibrary.org/obo/FBbi_00000333>
<http://purl.obolibrary.org/obo/FBbi_00050000>	<http://www.w3.org/2000/01/rdf-schema#subClassOf>	<http://purl.obolibrary.org/obo/FBbi_00000373>
<http://purl.obolibrary.org/obo/FBbi_00000546>	<http://www.w3.org/2000/01/rdf-schema#subClassOf>	<http://purl.obolibrary.org/obo/FBbi_00000536>
<http://purl.obolibrary.org/obo/FBbi_00000437>	<http://www.w3.org/2000/01/rdf-schema#subClassOf>	<http://purl.obolibrary.org/obo/FBbi_00000420>
<http://purl.obolibrary.org/obo/FBbi_00000020>	<http://www.w3.org/2000/01/rdf-schema#subClassOf>	<http://purl.obolibrary.org/obo/FBbi_00000019>
<http://purl.obolibrary.org/obo/FBbi_00000316>	<http://www.w3.org/2000/01/rdf-schema#subClassOf>	<http://purl.obolibrary.org/obo/FBbi_00000270>
<http://purl.obolibrary.org/obo/FBbi_00000596>	<http://www.w3.org/2000/01/rdf-schema#subClassOf>	<http://purl.obolibrary.org/obo/FBbi_00000590>
<http://purl.obolibrary.org/obo/FBbi_00000482>	<http://www.w3.org/2000/01/rdf-schema#subClassOf>	<http://purl.obolibrary.org/obo/FBbi_00000433>
<http://purl.obolibrary.org/obo/FBbi_00000505>	<http://www.w3.org/2000/01/rdf-schema#subClassOf>	<http://purl.obolibrary.org/obo/FBbi_00000481>
<http://purl.obolibrary.org/obo/FBbi_00000176>	<http://www.w3.org/2000/01/rdf-schema#subClassOf>	<http://purl.obolibrary.org/obo/FBbi_00000456>
<http://purl.obolibrary.org/obo/FBbi_00000617>	<http://www.w3.org/2000/01/rdf-schema#subClassOf>	<http://purl.obolibrary.org/obo/FBbi_00000246>
<http://purl.obolibrary.org/obo/FBbi_00000500>	<http://www.w3.org/2000/01/rdf-schema#subClassOf>	<http://purl.obolibrary.org/obo/FBbi_00000481>
<http://purl.obolibrary.org/obo/FBbi_00000042>	<http://www.w3.org/2000/01/rdf-schema#subClassOf>	<http://purl.obolibrary.org/obo/FBbi_00000422>
<http://purl.obolibrary.org/obo/FBbi_00000262>	<http://www.w3.org/2000/01/rdf-schema#subClassOf>	<http://purl.obolibrary.org/obo/FBbi_00000093>
<http://purl.obolibrary.org/obo/FBbi_00000362>	<http://www.w3.org/2000/01/rdf-schema#subClassOf>	<http://purl.obolibrary.org/obo/FBbi_00000357>
<http://purl.obolibrary.org/obo/FBbi_00000320>	<http://www.w3.org/2000/01/rdf-schema#subClassOf>	<http://purl.obolibrary.org/obo/FBbi_00000270>
<http://purl.obolibrary.org/obo/FBbi_00000423>	<http://www.w3.org/2000/01/rdf-schema#subClassOf>	<http://purl.obolibrary.org/obo/FBbi_00000422>
<http://purl.obolibrary.org/obo/FBbi_00000567>	<http://www.w3.org/2000/01/rdf-schema#subClassOf>	<http://purl.obolibrary.org/obo/FBbi_00000415>
<http://purl.obolibrary.org/obo/FBbi_00000572>	<http://www.w3.org/2000/01/rdf-schema#subClassOf>	<http://purl.obolibrary.org/obo/FBbi_00000568>
<http://purl.obolibrary.org/obo/FBbi_00000409>	<http://www.w3.org/2000/01/rdf-schema#subClassOf>	<http://purl.obolibrary.org/obo/FBbi_00000403>
<http://purl.obolibrary.org/obo/FBbi_00000321>	<http://www.w3.org/2000/01/rdf-schema#subClassOf>	<http://purl.obolibrary.org/obo/FBbi_root_00000000>
<http://purl.obolibrary.org/obo/FBbi_00000303>	<http://www.w3.org/2000/01/rdf-schema#subClassOf>	<http://purl.obolibrary.org/obo/FBbi_00000395>
<http://purl.obolibrary.org/obo/FBbi_00000089>	<http://www.w3.org/2000/01/rdf-schema#subClassOf>	<http://purl.obolibrary.org/obo/FBbi_00000015>
<http://purl.obolibrary.org/obo/FBbi_00000127>	<http://www.w3.org/2000/01/rdf-schema#subClassOf>	<http://purl.obolibrary.org/obo/FBbi_00000122>
<http://purl.obolibrary.org/obo/FBbi_00000329>	<http://www.w3.org/2000/01/rdf-schema#subClassOf>	<http://purl.obolibrary.org/obo/FBbi_00000322>
<http://purl.obolibrary.org/obo/FBbi_00000404>	<http://www.w3.org/2000/01/rdf-schema#subClassOf>	<http://purl.obolibrary.org/obo/FBbi_00000088>
<http://purl.obolibrary.org/obo/FBbi_00000366>	<http://www.w3.org/2000/01/rdf-schema#subClassOf>	<http://purl.obolibrary.org/obo/FBbi_00000246>
<http://purl.obolibrary.org/obo/FBbi_00000274>	<http://www.w3.org/2000/01/rdf-schema#subClassOf>	<http://purl.obolibrary.org/obo/FBbi_00000268>
<http://purl.obolibrary.org/obo/FBbi_00000009>	<http://www.w3.org/2000/01/rdf-schema#subClassOf>	<http://purl.obolibrary.org/obo/FBbi_00000008>
<http://purl.obolibrary.org/obo/FBbi_00000035>	<http://www.w3.org/2000/01/rdf-schema#subClassOf>	<http://purl.obolibrary.org/obo/FBbi_00000567>
<http://purl.obolibrary.org/obo/FBbi_00000444>	<http://www.w3.org/2000/01/rdf-schema#subClassOf>	<http://purl.obolibrary.org/obo/FBbi_00000455>
<http://purl.obolibrary.org/obo/FBbi_00000584>	<http://www.w3.org/2000/01/rdf-schema#subClassOf>	<http://purl.obolibrary.org/obo/FBbi_00000455>
<http://purl.obolibrary.org/obo/FBbi_00000081>	<http://www.w3.org/2000/01/rdf-schema#subClassOf>	<http://purl.obolibrary.org/obo/FBbi_00000436>
<http://purl.obolibrary.org/obo/FBbi_00000459>	<http://www.w3.org/2000/01/rdf-schema#subClassOf>	<http://purl.obolibrary.org/obo/FBbi_00000408>
<http://purl.obolibrary.org/obo/FBbi_00000028>	<http://www.w3.org/2000/01/rdf-schema#subClassOf>	<http://purl.obolibrary.org/obo/FBbi_00000026>
<http://purl.obolibrary.org/obo/FBbi_00000088>	<http://www.w3.org/2000/01/rdf-schema#subClassOf>	<http://purl.obolibrary.org/obo/FBbi_00000396>
<http://purl.obolibrary.org/obo/FBbi_00000238>	<http://www.w3.org/2000/01/rdf-schema#subClassOf>	<http://purl.obolibrary.org/obo/FBbi_00000235>
<http://purl.obolibrary.org/obo/FBbi_00000308>	<http://www.w3.org/2000/01/rdf-schema#subClassOf>	<http://purl.obolibrary.org/obo/FBbi_00000270>
<http://purl.obolibrary.org/obo/FBbi_00000067>	<http://www.w3.org/2000/01/rdf-schema#subClassOf>	<http://purl.obolibrary.org/obo/FBbi_00000421>
<http://purl.obolibrary.org/obo/FBbi_00000523>	<http://www.w3.org/2000/01/rdf-schema#subClassOf>	<http://purl.obolibrary.org/obo/FBbi_00000483>
<http://purl.obolibrary.org/obo/FBbi_00000305>	<http://www.w3.org/2000/01/rdf-schema#subClassOf>	<http://purl.obolibrary.org/obo/FBbi_00000394>
<http://purl.obolibrary.org/obo/FBbi_00000521>	<http://www.w3.org/2000/01/rdf-schema#subClassOf>	<http://purl.obolibrary.org/obo/FBbi_00000483>
<http://purl.obolibrary.org/obo/FBbi_00000138>	<http://www.w3.org/2000/01/rdf-schema#subClassOf>	<http://purl.obolibrary.org/obo/FBbi_00000456>
<http://purl.obolibrary.org/obo/FBbi_00000512>	<http://www.w3.org/2000/01/rdf-schema#subClassOf>	<http://purl.obolibrary.org/obo/FBbi_00000482>
<http://purl.obolibrary.org/obo/FBbi_00000234>	<http://www.w3.org/2000/01/rdf-schema#subClassOf>	<http://purl.obolibrary.org/obo/FBbi_00000230>
<http://purl.obolibrary.org/obo/FBbi_00000226>	<http://www.w3.org/2000/01/rdf-schema#subClassOf>	<http://purl.obolibrary.org/obo/FBbi_00000224>
<http://purl.obolibrary.org/obo/FBbi_00000272>	<http://www.w3.org/2000/01/rdf-schema#subClassOf>	<http://purl.obolibrary.org/obo/FBbi_00000268>
<http://purl.obolibrary.org/obo/FBbi_00001012>	<http://www.w3.org/2000/01/rdf-schema#subClassOf>	<http://purl.obolibrary.org/obo/FBbi_00000001>
<http://purl.obolibrary.org/obo/FBbi_00000298>	<http://www.w3.org/2000/01/rdf-schema#subClassOf>	<http://purl.obolibrary.org/obo/FBbi_00000395>
<http://purl.obolibrary.org/obo/FBbi_00000077>	<http://www.w3.org/2000/01/rdf-schema#subClassOf>	<http://purl.obolibrary.org/obo/FBbi_00000076>
<http://purl.obolibrary.org/obo/FBbi_00000368>	<http://www.w3.org/2000/01/rdf-schema#subClassOf>	<http://purl.obolibrary.org/obo/FBbi_00000246>
<http://purl.obolibrary.org/obo/FBbi_00000391>	<http://www.w3.org/2000/01/rdf-schema#subClassOf>	<http://purl.obolibrary.org/obo/FBbi_00000278>
<http://purl.obolibrary.org/obo/FBbi_00000446>	<http://www.w3.org/2000/01/rdf-schema#subClassOf>	<http://purl.obolibrary.org/obo/FBbi_00000455>
<http://purl.obolibrary.org/obo/FBbi_00000484>	<http://www.w3.org/2000/01/rdf-schema#subClassOf>	<http://purl.obolibrary.org/obo/FBbi_00000433>
<http://purl.obolibrary.org/obo/FBbi_00000561>	<http://www.w3.org/2000/01/rdf-schema#subClassOf>	<http://purl.obolibrary.org/obo/FBbi_00000539>
<http://purl.obolibrary.org/obo/FBbi_00000341>	<http://www.w3.org/2000/01/rdf-schema#subClassOf>	<http://purl.obolibrary.org/obo/FBbi_00000272>
<http://purl.obolibrary.org/obo/FBbi_00000408>	<http://www.w3.org/2000/01/rdf-schema#subClassOf>	<http://purl.obolibrary.org/obo/FBbi_00000403>
<http://purl.obolibrary.org/obo/FBbi_00000450>	<http://www.w3.org/2000/01/rdf-schema#subClassOf>	<http://purl.obolibrary.org/obo/FBbi_00000455>
<http://purl.obolibrary.org/obo/FBbi_00000018>	<http://www.w3.org/2000/01/rdf-schema#subClassOf>	<http://purl.obolibrary.org/obo/FBbi_00000016>
<http://purl.obolibrary.org/obo/FBbi_00000531>	<http://www.w3.org/2000/01/rdf-schema#subClassOf>	<http://purl.obolibrary.org/obo/FBbi_00000485>
