?cls	?pred	?val	?synType
<http://purl.obolibrary.org/obo/BFO_0000002>	<http://www.w3.org/2000/01/rdf-schema#label>	"continuant"@en	
<http://purl.obolibrary.org/obo/BFO_0000003>	<http://www.w3.org/2000/01/rdf-schema#label>	"occurrent"@en	
<http://purl.obolibrary.org/obo/GO_0016301>	<http://www.w3.org/2000/01/rdf-schema#label>	"kinase activity"	
<http://purl.obolibrary.org/obo/IAO_0000078>	<http://www.w3.org/2000/01/rdf-schema#label>	"curation status specification"@en	
<http://purl.obolibrary.org/obo/UBERON_0001062>	<http://www.w3.org/2000/01/rdf-schema#label>	"anatomical entity"	
<http://purl.obolibrary.org/obo/BFO_0000034>	<http://www.w3.org/2000/01/rdf-schema#label>	"function"@en	
<http://purl.obolibrary.org/obo/BFO_0000016>	<http://www.w3.org/2000/01/rdf-schema#label>	"disposition"@en	
<http://purl.obolibrary.org/obo/BFO_0000019>	<http://www.w3.org/2000/01/rdf-schema#label>	"quality"@en	
<http://purl.obolibrary.org/obo/PATO_0000001>	<http://www.w3.org/2000/01/rdf-schema#label>	"quality"	
<http://purl.obolibrary.org/obo/BFO_0000040>	<http://www.w3.org/2000/01/rdf-schema#label>	"material entity"@en	
<http://purl.obolibrary.org/obo/BFO_0000023>	<http://www.w3.org/2000/01/rdf-schema#label>	"role"@en	
<http://purl.obolibrary.org/obo/GO_0003674>	<http://www.w3.org/2000/01/rdf-schema#label>	"molecular_function"	
<http://purl.obolibrary.org/obo/GO_0003674>	<http://www.w3.org/2000/01/rdf-schema#label>	"gene product or complex activity"@en	
<http://purl.obolibrary.org/obo/BFO_0000017>	<http://www.w3.org/2000/01/rdf-schema#label>	"realizable entity"@en	
<http://purl.obolibrary.org/obo/GO_0008150>	<http://www.w3.org/2000/01/rdf-schema#label>	"biological_process"	
<http://purl.obolibrary.org/obo/GO_0008150>	<http://www.w3.org/2000/01/rdf-schema#label>	"biological process"@en	
<http://purl.obolibrary.org/obo/BFO_0000020>	<http://www.w3.org/2000/01/rdf-schema#label>	"specifically dependent continuant"@en	
<http://purl.obolibrary.org/obo/BFO_0000004>	<http://www.w3.org/2000/01/rdf-schema#label>	"independent continuant"@en	
<http://purl.obolibrary.org/obo/BFO_0000015>	<http://www.w3.org/2000/01/rdf-schema#label>	"process"@en	
<http://purl.obolibrary.org/obo/FBbi_00000143>	<http://www.w3.org/2000/01/rdf-schema#label>	"primary antibody-horseradish peroxidase, Vector SG"	
<http://purl.obolibrary.org/obo/FBbi_00000061>	<http://www.w3.org/2000/01/rdf-schema#label>	"pyronine"	
<http://purl.obolibrary.org/obo/FBbi_00000292>	<http://www.w3.org/2000/01/rdf-schema#label>	"darkfield illumination"	
<http://purl.obolibrary.org/obo/FBbi_00000327>	<http://www.w3.org/2000/01/rdf-schema#label>	"Hoffman modulation"	
<http://purl.obolibrary.org/obo/FBbi_00000558>	<http://www.w3.org/2000/01/rdf-schema#label>	"Dronpa"	
<http://purl.obolibrary.org/obo/FBbi_00000319>	<http://www.w3.org/2000/01/rdf-schema#label>	"chemical composition"	
<http://purl.obolibrary.org/obo/FBbi_00000270>	<http://www.w3.org/2000/01/rdf-schema#label>	"imaged parameter"	
<http://purl.obolibrary.org/obo/FBbi_00000135>	<http://www.w3.org/2000/01/rdf-schema#label>	"primary antibody-alkaline phosphastase conjugate, Vector Black"	
<http://purl.obolibrary.org/obo/FBbi_00000536>	<http://www.w3.org/2000/01/rdf-schema#label>	"photoactivatable fluorescent protein"	
<http://purl.obolibrary.org/obo/FBbi_00000374>	<http://www.w3.org/2000/01/rdf-schema#label>	"detection of photons"	
<http://purl.obolibrary.org/obo/FBbi_00000432>	<http://www.w3.org/2000/01/rdf-schema#label>	"peptide-nucleic acid probe"	
<http://purl.obolibrary.org/obo/FBbi_00000121>	<http://www.w3.org/2000/01/rdf-schema#label>	"silver-intensified cobalt fill"	
<http://purl.obolibrary.org/obo/FBbi_00000208>	<http://www.w3.org/2000/01/rdf-schema#label>	"BODIPY TR-14-dUTP labeled DNA probe"	
<http://purl.obolibrary.org/obo/FBbi_00000046>	<http://www.w3.org/2000/01/rdf-schema#label>	"orcein"	
<http://purl.obolibrary.org/obo/FBbi_00000201>	<http://www.w3.org/2000/01/rdf-schema#label>	"secondary antibody-Texas red conjugate"	
<http://purl.obolibrary.org/obo/FBbi_00000269>	<http://www.w3.org/2000/01/rdf-schema#label>	"detection method"	
<http://purl.obolibrary.org/obo/FBbi_00000151>	<http://www.w3.org/2000/01/rdf-schema#label>	"primary antibody-indodicarbocyanine"	
<http://purl.obolibrary.org/obo/FBbi_00000382>	<http://www.w3.org/2000/01/rdf-schema#label>	"EDAX imaging"	
<http://purl.obolibrary.org/obo/FBbi_00000417>	<http://www.w3.org/2000/01/rdf-schema#label>	"Hoechst 33258"	
<http://purl.obolibrary.org/obo/FBbi_00000486>	<http://www.w3.org/2000/01/rdf-schema#label>	"mTagBFP"	
<http://purl.obolibrary.org/obo/FBbi_00000566>	<http://www.w3.org/2000/01/rdf-schema#label>	"rsFastLimeFP"	
<http://purl.obolibrary.org/obo/FBbi_00000038>	<http://www.w3.org/2000/01/rdf-schema#label>	"ethidium bromide"	
<http://purl.obolibrary.org/obo/FBbi_00000024>	<http://www.w3.org/2000/01/rdf-schema#label>	"whole mounted tissue"	
<http://purl.obolibrary.org/obo/FBbi_00000255>	<http://www.w3.org/2000/01/rdf-schema#label>	"multi-photon microscopy"	
<http://purl.obolibrary.org/obo/FBbi_00000104>	<http://www.w3.org/2000/01/rdf-schema#label>	"fluoresceine phalloidin fill"	
<http://purl.obolibrary.org/obo/FBbi_00000335>	<http://www.w3.org/2000/01/rdf-schema#label>	"PALM (photoactivation localization microscopy)"	
<http://purl.obolibrary.org/obo/FBbi_00000552>	<http://www.w3.org/2000/01/rdf-schema#label>	"mEOS2FP"	
<http://purl.obolibrary.org/obo/FBbi_00000090>	<http://www.w3.org/2000/01/rdf-schema#label>	"fluor labeled RNA fill"	
<http://purl.obolibrary.org/obo/FBbi_00000499>	<http://www.w3.org/2000/01/rdf-schema#label>	"AceFP"	
<http://purl.obolibrary.org/obo/FBbi_00000579>	<http://www.w3.org/2000/01/rdf-schema#label>	"isolated subcellular component"	
<http://purl.obolibrary.org/obo/FBbi_00000395>	<http://www.w3.org/2000/01/rdf-schema#label>	"area detector"	
<http://purl.obolibrary.org/obo/FBbi_00000164>	<http://www.w3.org/2000/01/rdf-schema#label>	"secondary antibody-alkaline phosphastase conjugate, Magenta Phos"	
<http://purl.obolibrary.org/obo/FBbi_00000268>	<http://www.w3.org/2000/01/rdf-schema#label>	"illumination method"	
<http://purl.obolibrary.org/obo/FBbi_00000150>	<http://www.w3.org/2000/01/rdf-schema#label>	"primary antibody-indocarbocyanine"	
<http://purl.obolibrary.org/obo/FBbi_00000381>	<http://www.w3.org/2000/01/rdf-schema#label>	"EELS imaging"	
<http://purl.obolibrary.org/obo/FBbi_00000430>	<http://www.w3.org/2000/01/rdf-schema#label>	"soybean agglutinin"	
<http://purl.obolibrary.org/obo/FBbi_00000348>	<http://www.w3.org/2000/01/rdf-schema#label>	"nearfield scanning optical microscopy (ANSOM)"	
<http://purl.obolibrary.org/obo/FBbi_00000565>	<http://www.w3.org/2000/01/rdf-schema#label>	"rsCherryRevFP"	
<http://purl.obolibrary.org/obo/FBbi_00000037>	<http://www.w3.org/2000/01/rdf-schema#label>	"eosin"	
<http://purl.obolibrary.org/obo/FBbi_00000149>	<http://www.w3.org/2000/01/rdf-schema#label>	"primary antibody-fluorescein isothiocyanate"	
<http://purl.obolibrary.org/obo/FBbi_00000067>	<http://www.w3.org/2000/01/rdf-schema#label>	"SYTO Red"	
<http://purl.obolibrary.org/obo/FBbi_00000334>	<http://www.w3.org/2000/01/rdf-schema#label>	"stimulated emission depletion (STED)"	
<http://purl.obolibrary.org/obo/FBbi_00000229>	<http://www.w3.org/2000/01/rdf-schema#label>	"free hand graphic"	
<http://purl.obolibrary.org/obo/FBbi_00000180>	<http://www.w3.org/2000/01/rdf-schema#label>	"secondary antibody-horseradish peroxidase, 3,3'-diaminobenzidine"	
<http://purl.obolibrary.org/obo/FBbi_00000298>	<http://www.w3.org/2000/01/rdf-schema#label>	"silicon intensified target tube (SIT)"	
<http://purl.obolibrary.org/obo/FBbi_00000446>	<http://www.w3.org/2000/01/rdf-schema#label>	"Alexa Fluor 633"	
<http://purl.obolibrary.org/obo/FBbi_00000284>	<http://www.w3.org/2000/01/rdf-schema#label>	"pulsed illumination"	
<http://purl.obolibrary.org/obo/FBbi_00000053>	<http://www.w3.org/2000/01/rdf-schema#label>	"cationic colloidal gold"	
<http://purl.obolibrary.org/obo/FBbi_00000215>	<http://www.w3.org/2000/01/rdf-schema#label>	"RNA probe"	
<http://purl.obolibrary.org/obo/FBbi_00000212>	<http://www.w3.org/2000/01/rdf-schema#label>	"radioisotope labeled DNA probe"	
<http://purl.obolibrary.org/obo/FBbi_00000193>	<http://www.w3.org/2000/01/rdf-schema#label>	"secondary antibody-cyanine conjugate"	
<http://purl.obolibrary.org/obo/FBbi_00000459>	<http://www.w3.org/2000/01/rdf-schema#label>	"affinity for specific proteins"	
<http://purl.obolibrary.org/obo/FBbi_00000228>	<http://www.w3.org/2000/01/rdf-schema#label>	"camera lucida assisted graphic"	
<http://purl.obolibrary.org/obo/FBbi_00000066>	<http://www.w3.org/2000/01/rdf-schema#label>	"SYTO Orange"	
<http://purl.obolibrary.org/obo/FBbi_00000297>	<http://www.w3.org/2000/01/rdf-schema#label>	"avalanche photodiode (APD)"	
<http://purl.obolibrary.org/obo/FBbi_00000115>	<http://www.w3.org/2000/01/rdf-schema#label>	"DiI"	
<http://purl.obolibrary.org/obo/FBbi_00000332>	<http://www.w3.org/2000/01/rdf-schema#label>	"structured illumination microscopy (SIM)"	
<http://purl.obolibrary.org/obo/FBbi_00000289>	<http://www.w3.org/2000/01/rdf-schema#label>	"array scanning"	
<http://purl.obolibrary.org/obo/FBbi_00000563>	<http://www.w3.org/2000/01/rdf-schema#label>	"PadronFP"	
<http://purl.obolibrary.org/obo/FBbi_00000101>	<http://www.w3.org/2000/01/rdf-schema#label>	"Alexa Fluor 350 phalloidin fill"	
<http://purl.obolibrary.org/obo/FBbi_00000096>	<http://www.w3.org/2000/01/rdf-schema#label>	"Alexa Fluor 488 actin fill"	
<http://purl.obolibrary.org/obo/FBbi_00000178>	<http://www.w3.org/2000/01/rdf-schema#label>	"glucose oxidase"	
<http://purl.obolibrary.org/obo/FBbi_00000082>	<http://www.w3.org/2000/01/rdf-schema#label>	"EGFP"	
<http://purl.obolibrary.org/obo/FBbi_00000156>	<http://www.w3.org/2000/01/rdf-schema#label>	"primary antibody plus labeled secondary antibody"	
<http://purl.obolibrary.org/obo/FBbi_00000387>	<http://www.w3.org/2000/01/rdf-schema#label>	"photo-activation illumination"	
<http://purl.obolibrary.org/obo/FBbi_00000467>	<http://www.w3.org/2000/01/rdf-schema#label>	"batrachatoxin"	
<http://purl.obolibrary.org/obo/FBbi_00000620>	<http://www.w3.org/2000/01/rdf-schema#label>	"nearfield illumination"	
<http://purl.obolibrary.org/obo/FBbi_00000507>	<http://www.w3.org/2000/01/rdf-schema#label>	"DsRed-Express2FP"	
<http://purl.obolibrary.org/obo/FBbi_00000010>	<http://www.w3.org/2000/01/rdf-schema#label>	"formaldehyde fixed tissue"	
<http://purl.obolibrary.org/obo/FBbi_00000114>	<http://www.w3.org/2000/01/rdf-schema#label>	"DiD"	
<http://purl.obolibrary.org/obo/FBbi_00000345>	<http://www.w3.org/2000/01/rdf-schema#label>	"light microscopy"	
<http://purl.obolibrary.org/obo/FBbi_00000450>	<http://www.w3.org/2000/01/rdf-schema#label>	"Cy5"	
<http://purl.obolibrary.org/obo/FBbi_00000095>	<http://www.w3.org/2000/01/rdf-schema#label>	"fluor conjugated actin fill"	
<http://purl.obolibrary.org/obo/FBbi_00000612>	<http://www.w3.org/2000/01/rdf-schema#label>	"fluorescent protein derived from Arabidopsis"	
<http://purl.obolibrary.org/obo/FBbi_00000361>	<http://www.w3.org/2000/01/rdf-schema#label>	"maximum likelihood deconvolution"	
<http://purl.obolibrary.org/obo/FBbi_00000584>	<http://www.w3.org/2000/01/rdf-schema#label>	"X-Rhodamine"	
<http://purl.obolibrary.org/obo/FBbi_00000523>	<http://www.w3.org/2000/01/rdf-schema#label>	"JRedFP"	
<http://purl.obolibrary.org/obo/FBbi_00000169>	<http://www.w3.org/2000/01/rdf-schema#label>	"secondary antibody-alkaline phosphastase conjugate, NBT"	
<http://purl.obolibrary.org/obo/FBbi_00000249>	<http://www.w3.org/2000/01/rdf-schema#label>	"time lapse microscopy"	
<http://purl.obolibrary.org/obo/FBbi_00000087>	<http://www.w3.org/2000/01/rdf-schema#label>	"FLAG peptide tag"	
<http://purl.obolibrary.org/obo/FBbi_00000199>	<http://www.w3.org/2000/01/rdf-schema#label>	"secondary antibody-rhodamine red-X conjugate"	
<http://purl.obolibrary.org/obo/FBbi_00000515>	<http://www.w3.org/2000/01/rdf-schema#label>	"mOrange2FP"	
<http://purl.obolibrary.org/obo/FBbi_00000353>	<http://www.w3.org/2000/01/rdf-schema#label>	"modified objective lens"	
<http://purl.obolibrary.org/obo/FBbi_00000501>	<http://www.w3.org/2000/01/rdf-schema#label>	"CopGFP"	
<http://purl.obolibrary.org/obo/FBbi_00000570>	<http://www.w3.org/2000/01/rdf-schema#label>	"lead salt"	
<http://purl.obolibrary.org/obo/FBbi_00000185>	<http://www.w3.org/2000/01/rdf-schema#label>	"secondary antibody-horseradish peroxidase, Vector NovaRed"	
<http://purl.obolibrary.org/obo/FBbi_00000597>	<http://www.w3.org/2000/01/rdf-schema#label>	"distribution of a specific protein"	
<http://purl.obolibrary.org/obo/FBbi_00000116>	<http://www.w3.org/2000/01/rdf-schema#label>	"DiO"	
<http://purl.obolibrary.org/obo/FBbi_00000366>	<http://www.w3.org/2000/01/rdf-schema#label>	"FRAP"	
<http://purl.obolibrary.org/obo/FBbi_00000305>	<http://www.w3.org/2000/01/rdf-schema#label>	"piezo-electric device"	
<http://purl.obolibrary.org/obo/FBbi_00000583>	<http://www.w3.org/2000/01/rdf-schema#label>	"lyophilized specimen"	
<http://purl.obolibrary.org/obo/FBbi_00000410>	<http://www.w3.org/2000/01/rdf-schema#label>	"macromolecular probe"	
<http://purl.obolibrary.org/obo/FBbi_00000528>	<http://www.w3.org/2000/01/rdf-schema#label>	"mRubyFP"	
<http://purl.obolibrary.org/obo/FBbi_00000198>	<http://www.w3.org/2000/01/rdf-schema#label>	"secondary antibody-lissamine rhodamine sulfonyl chloride"	
<http://purl.obolibrary.org/obo/FBbi_00000514>	<http://www.w3.org/2000/01/rdf-schema#label>	"mOrangeFP"	
<http://purl.obolibrary.org/obo/FBbi_00000409>	<http://www.w3.org/2000/01/rdf-schema#label>	"organelle-specific probe"	
<http://purl.obolibrary.org/obo/FBbi_00000352>	<http://www.w3.org/2000/01/rdf-schema#label>	"polarization-sensitive detection"	
<http://purl.obolibrary.org/obo/FBbi_00000247>	<http://www.w3.org/2000/01/rdf-schema#label>	"phase contrast microscopy"	
<http://purl.obolibrary.org/obo/FBbi_00000478>	<http://www.w3.org/2000/01/rdf-schema#label>	"yPet"	
<http://purl.obolibrary.org/obo/FBbi_00000464>	<http://www.w3.org/2000/01/rdf-schema#label>	"alpha-bungarotoxin"	
<http://purl.obolibrary.org/obo/FBbi_00000544>	<http://www.w3.org/2000/01/rdf-schema#label>	"PA-GFP"	
<http://purl.obolibrary.org/obo/FBbi_00000016>	<http://www.w3.org/2000/01/rdf-schema#label>	"tissue in plastic embedment"	
<http://purl.obolibrary.org/obo/FBbi_00000233>	<http://www.w3.org/2000/01/rdf-schema#label>	"graphite pencil graphic"	
<http://purl.obolibrary.org/obo/FBbi_00000129>	<http://www.w3.org/2000/01/rdf-schema#label>	"glycerol permeabilized"	
<http://purl.obolibrary.org/obo/FBbi_00000313>	<http://www.w3.org/2000/01/rdf-schema#label>	"retardance"	
<http://purl.obolibrary.org/obo/FBbi_00000530>	<http://www.w3.org/2000/01/rdf-schema#label>	"tdRFP611"	
<http://purl.obolibrary.org/obo/FBbi_00000618>	<http://www.w3.org/2000/01/rdf-schema#label>	"ground state depletion scanning  (GSD)"	
<http://purl.obolibrary.org/obo/FBbi_00000002>	<http://www.w3.org/2000/01/rdf-schema#label>	"chemically fixed tissue"	
<http://purl.obolibrary.org/obo/FBbi_00000029>	<http://www.w3.org/2000/01/rdf-schema#label>	"microtome-sectioned tissue"	
<http://purl.obolibrary.org/obo/FBbi_00000142>	<http://www.w3.org/2000/01/rdf-schema#label>	"primary antibody-horseradish peroxidase, Vector NovaRed"	
<http://purl.obolibrary.org/obo/FBbi_00000408>	<http://www.w3.org/2000/01/rdf-schema#label>	"probe for protein"	
<http://purl.obolibrary.org/obo/FBbi_00000246>	<http://www.w3.org/2000/01/rdf-schema#label>	"fluorescence microscopy"	
<http://purl.obolibrary.org/obo/FBbi_00000477>	<http://www.w3.org/2000/01/rdf-schema#label>	"VenusFP"	
<http://purl.obolibrary.org/obo/FBbi_00000326>	<http://www.w3.org/2000/01/rdf-schema#label>	"Wollaston prism"	
<http://purl.obolibrary.org/obo/FBbi_00000557>	<http://www.w3.org/2000/01/rdf-schema#label>	"bsDronpa"	
<http://purl.obolibrary.org/obo/FBbi_00000543>	<http://www.w3.org/2000/01/rdf-schema#label>	"Slow-FT"	
<http://purl.obolibrary.org/obo/FBbi_00000015>	<http://www.w3.org/2000/01/rdf-schema#label>	"embedded tissue"	
<http://purl.obolibrary.org/obo/FBbi_00000312>	<http://www.w3.org/2000/01/rdf-schema#label>	"optical path length gradient"	
<http://purl.obolibrary.org/obo/FBbi_00000276>	<http://www.w3.org/2000/01/rdf-schema#label>	"illumination by ions"	
<http://purl.obolibrary.org/obo/FBbi_00000493>	<http://www.w3.org/2000/01/rdf-schema#label>	"KatushkaFP"	
<http://purl.obolibrary.org/obo/FBbi_00000438>	<http://www.w3.org/2000/01/rdf-schema#label>	"DiIC16"	
<http://purl.obolibrary.org/obo/FBbi_00000617>	<http://www.w3.org/2000/01/rdf-schema#label>	"evanescent wave microscopy"	
<http://purl.obolibrary.org/obo/FBbi_00000127>	<http://www.w3.org/2000/01/rdf-schema#label>	"[3]H"	
<http://purl.obolibrary.org/obo/FBbi_00000120>	<http://www.w3.org/2000/01/rdf-schema#label>	"cobalt fill"	
<http://purl.obolibrary.org/obo/FBbi_00000207>	<http://www.w3.org/2000/01/rdf-schema#label>	"fluor labeled DNA probe"	
<http://purl.obolibrary.org/obo/FBbi_00000045>	<http://www.w3.org/2000/01/rdf-schema#label>	"nuclear fast red"	
<http://purl.obolibrary.org/obo/FBbi_00000424>	<http://www.w3.org/2000/01/rdf-schema#label>	"7-amino-actinomycin D"	
<http://purl.obolibrary.org/obo/FBbi_00000262>	<http://www.w3.org/2000/01/rdf-schema#label>	"detergent permeabilized"	
<http://purl.obolibrary.org/obo/FBbi_00000416>	<http://www.w3.org/2000/01/rdf-schema#label>	"tetracysteine tag"	
<http://purl.obolibrary.org/obo/FBbi_00000485>	<http://www.w3.org/2000/01/rdf-schema#label>	"Yellow fluorescent proteins from Anthozoa"	
<http://purl.obolibrary.org/obo/FBbi_00000031>	<http://www.w3.org/2000/01/rdf-schema#label>	"visualization method"	
<http://purl.obolibrary.org/obo/FBbi_00000023>	<http://www.w3.org/2000/01/rdf-schema#label>	"unembedded tissue"	
<http://purl.obolibrary.org/obo/FBbi_00000254>	<http://www.w3.org/2000/01/rdf-schema#label>	"two-photon laser scanning microscopy"	
<http://purl.obolibrary.org/obo/FBbi_00000471>	<http://www.w3.org/2000/01/rdf-schema#label>	"EmeraldFP"	
<http://purl.obolibrary.org/obo/FBbi_00000058>	<http://www.w3.org/2000/01/rdf-schema#label>	"methylene blue"	
<http://purl.obolibrary.org/obo/FBbi_00000275>	<http://www.w3.org/2000/01/rdf-schema#label>	"illumination by neutrons"	
<http://purl.obolibrary.org/obo/FBbi_00000171>	<http://www.w3.org/2000/01/rdf-schema#label>	"secondary antibody-alkaline phosphastase conjugate, Vector Blue"	
<http://purl.obolibrary.org/obo/FBbi_00000498>	<http://www.w3.org/2000/01/rdf-schema#label>	"tdRFP639"	
<http://purl.obolibrary.org/obo/FBbi_00000437>	<http://www.w3.org/2000/01/rdf-schema#label>	"Green fluorescent protein from Aequorea"	
<http://purl.obolibrary.org/obo/FBbi_00000206>	<http://www.w3.org/2000/01/rdf-schema#label>	"digoxigenin labeled DNA probe"	
<http://purl.obolibrary.org/obo/FBbi_00000044>	<http://www.w3.org/2000/01/rdf-schema#label>	"nitro blue tetrazolium chloride"	
<http://purl.obolibrary.org/obo/FBbi_00001002>	<http://www.w3.org/2000/01/rdf-schema#label>	"X-ray computed tomography"	
<http://purl.obolibrary.org/obo/FBbi_00000267>	<http://www.w3.org/2000/01/rdf-schema#label>	"animation"	
<http://purl.obolibrary.org/obo/FBbi_00000429>	<http://www.w3.org/2000/01/rdf-schema#label>	"Helix pomatia agglutinin"	
<http://purl.obolibrary.org/obo/FBbi_00000380>	<http://www.w3.org/2000/01/rdf-schema#label>	"scanning-transmission electron microscopy"	
<http://purl.obolibrary.org/obo/FBbi_00000415>	<http://www.w3.org/2000/01/rdf-schema#label>	"stain with broad specificity"	
<http://purl.obolibrary.org/obo/FBbi_00000484>	<http://www.w3.org/2000/01/rdf-schema#label>	"Far-red fluorescent proteins from Anthozoa"	
<http://purl.obolibrary.org/obo/FBbi_00000564>	<http://www.w3.org/2000/01/rdf-schema#label>	"rsCherryFP"	
<http://purl.obolibrary.org/obo/FBbi_00000253>	<http://www.w3.org/2000/01/rdf-schema#label>	"spinning disk confocal microscopy"	
<http://purl.obolibrary.org/obo/FBbi_00000036>	<http://www.w3.org/2000/01/rdf-schema#label>	"endogenous substrate, diaminobenzidine"	
<http://purl.obolibrary.org/obo/FBbi_00000109>	<http://www.w3.org/2000/01/rdf-schema#label>	"fluor conjugated tubulin fill"	
<http://purl.obolibrary.org/obo/FBbi_00000074>	<http://www.w3.org/2000/01/rdf-schema#label>	"endogenous substrate, phalloidin-fluor conjugate"	
<http://purl.obolibrary.org/obo/FBbi_00000148>	<http://www.w3.org/2000/01/rdf-schema#label>	"primary antibody-cyanine"	
<http://purl.obolibrary.org/obo/FBbi_00000060>	<http://www.w3.org/2000/01/rdf-schema#label>	"Nile red"	
<http://purl.obolibrary.org/obo/FBbi_00000291>	<http://www.w3.org/2000/01/rdf-schema#label>	"anaxial illumination"	
<http://purl.obolibrary.org/obo/FBbi_00000445>	<http://www.w3.org/2000/01/rdf-schema#label>	"Alexa Fluor 610"	
<http://purl.obolibrary.org/obo/FBbi_00000283>	<http://www.w3.org/2000/01/rdf-schema#label>	"continuous illumination"	
<http://purl.obolibrary.org/obo/FBbi_00000549>	<http://www.w3.org/2000/01/rdf-schema#label>	"Dendra2FP"	
<http://purl.obolibrary.org/obo/FBbi_00000052>	<http://www.w3.org/2000/01/rdf-schema#label>	"Hoechst 33342"	
<http://purl.obolibrary.org/obo/FBbi_root_00000000>	<http://www.w3.org/2000/01/rdf-schema#label>	"method involved in biological imaging"	
<http://purl.obolibrary.org/obo/FBbi_00000318>	<http://www.w3.org/2000/01/rdf-schema#label>	"fluorescence polarization (polarization angle resolved fluorescence emission)"	
<http://purl.obolibrary.org/obo/FBbi_00000134>	<http://www.w3.org/2000/01/rdf-schema#label>	"primary antibody-alkaline phosphastase conjugate, ELF 97 phosphate"	
<http://purl.obolibrary.org/obo/FBbi_00000214>	<http://www.w3.org/2000/01/rdf-schema#label>	"[33]P labeled DNA probe"	
<http://purl.obolibrary.org/obo/FBbi_00000431>	<http://www.w3.org/2000/01/rdf-schema#label>	"cholera toxin B"	
<http://purl.obolibrary.org/obo/FBbi_00001001>	<http://www.w3.org/2000/01/rdf-schema#label>	"X-ray radiography"	
<http://purl.obolibrary.org/obo/FBbi_00000458>	<http://www.w3.org/2000/01/rdf-schema#label>	"biotin"	
<http://purl.obolibrary.org/obo/FBbi_00000073>	<http://www.w3.org/2000/01/rdf-schema#label>	"taxol"	
<http://purl.obolibrary.org/obo/FBbi_00000147>	<http://www.w3.org/2000/01/rdf-schema#label>	"primary antibody-Cascade blue"	
<http://purl.obolibrary.org/obo/FBbi_00000227>	<http://www.w3.org/2000/01/rdf-schema#label>	"grey scale graphic"	
<http://purl.obolibrary.org/obo/FBbi_00000065>	<http://www.w3.org/2000/01/rdf-schema#label>	"SYTO Green"	
<http://purl.obolibrary.org/obo/FBbi_00000296>	<http://www.w3.org/2000/01/rdf-schema#label>	"photodiode"	
<http://purl.obolibrary.org/obo/FBbi_00000444>	<http://www.w3.org/2000/01/rdf-schema#label>	"Alexa Fluor 594"	
<http://purl.obolibrary.org/obo/FBbi_00000282>	<http://www.w3.org/2000/01/rdf-schema#label>	"farfield illumination"	
<http://purl.obolibrary.org/obo/FBbi_00000331>	<http://www.w3.org/2000/01/rdf-schema#label>	"polarization contrast"	
<http://purl.obolibrary.org/obo/FBbi_00000562>	<http://www.w3.org/2000/01/rdf-schema#label>	"mTFP0.7"	
<http://purl.obolibrary.org/obo/FBbi_00000051>	<http://www.w3.org/2000/01/rdf-schema#label>	"acridine orange"	
<http://purl.obolibrary.org/obo/FBbi_00000100>	<http://www.w3.org/2000/01/rdf-schema#label>	"phalloidin"	
<http://purl.obolibrary.org/obo/FBbi_00000213>	<http://www.w3.org/2000/01/rdf-schema#label>	"[32]P labeled DNA probe"	
<http://purl.obolibrary.org/obo/FBbi_00000177>	<http://www.w3.org/2000/01/rdf-schema#label>	"secondary antibody-esterase, Naphthol-AS-D-chloroacetate"	
<http://purl.obolibrary.org/obo/FBbi_00000578>	<http://www.w3.org/2000/01/rdf-schema#label>	"other radioisotope"	
<http://purl.obolibrary.org/obo/FBbi_00000394>	<http://www.w3.org/2000/01/rdf-schema#label>	"spot detector"	
<http://purl.obolibrary.org/obo/FBbi_00000163>	<http://www.w3.org/2000/01/rdf-schema#label>	"secondary antibody-alkaline phosphastase conjugate, INT"	
<http://purl.obolibrary.org/obo/FBbi_00000081>	<http://www.w3.org/2000/01/rdf-schema#label>	"ECFP"	
<http://purl.obolibrary.org/obo/FBbi_00000347>	<http://www.w3.org/2000/01/rdf-schema#label>	"scanning tunneling microscopy"	
<http://purl.obolibrary.org/obo/FBbi_00000386>	<http://www.w3.org/2000/01/rdf-schema#label>	"photo-switching illumination"	
<http://purl.obolibrary.org/obo/FBbi_00000506>	<http://www.w3.org/2000/01/rdf-schema#label>	"DsRed-ExpressFP"	
<http://purl.obolibrary.org/obo/FBbi_00000575>	<http://www.w3.org/2000/01/rdf-schema#label>	"tungsten compound"	
<http://purl.obolibrary.org/obo/FBbi_00000113>	<http://www.w3.org/2000/01/rdf-schema#label>	"DiA"	
<http://purl.obolibrary.org/obo/FBbi_00000344>	<http://www.w3.org/2000/01/rdf-schema#label>	"scanning probe microscopy"	
<http://purl.obolibrary.org/obo/FBbi_00000330>	<http://www.w3.org/2000/01/rdf-schema#label>	"interference contrast"	
<http://purl.obolibrary.org/obo/FBbi_00000561>	<http://www.w3.org/2000/01/rdf-schema#label>	"KFP1"	
<http://purl.obolibrary.org/obo/FBbi_00000591>	<http://www.w3.org/2000/01/rdf-schema#label>	"differences in chemical composition"	
<http://purl.obolibrary.org/obo/FBbi_00000094>	<http://www.w3.org/2000/01/rdf-schema#label>	"fluor labeled protein fill"	
<http://purl.obolibrary.org/obo/FBbi_00000176>	<http://www.w3.org/2000/01/rdf-schema#label>	"esterase"	
<http://purl.obolibrary.org/obo/FBbi_00000360>	<http://www.w3.org/2000/01/rdf-schema#label>	"constrained iterative deconvolution"	
<http://purl.obolibrary.org/obo/FBbi_00000604>	<http://www.w3.org/2000/01/rdf-schema#label>	"compartmentalization of stain or label"	
<http://purl.obolibrary.org/obo/FBbi_00000399>	<http://www.w3.org/2000/01/rdf-schema#label>	"negative staining"	
<http://purl.obolibrary.org/obo/FBbi_00000442>	<http://www.w3.org/2000/01/rdf-schema#label>	"Alexa Fluor 568"	
<http://purl.obolibrary.org/obo/FBbi_00000522>	<http://www.w3.org/2000/01/rdf-schema#label>	"HcRed1FP"	
<http://purl.obolibrary.org/obo/FBbi_00000211>	<http://www.w3.org/2000/01/rdf-schema#label>	"Oregon Green 488-5-dUTP labeled DNA probe"	
<http://purl.obolibrary.org/obo/FBbi_00000168>	<http://www.w3.org/2000/01/rdf-schema#label>	"secondary antibody-alkaline phosphastase conjugate, NATP"	
<http://purl.obolibrary.org/obo/FBbi_00000080>	<http://www.w3.org/2000/01/rdf-schema#label>	"EBFP"	
<http://purl.obolibrary.org/obo/FBbi_00001007>	<http://www.w3.org/2000/01/rdf-schema#label>	"gamma ray illumination"	
<http://purl.obolibrary.org/obo/FBbi_00000192>	<http://www.w3.org/2000/01/rdf-schema#label>	"Cascade blue"	
<http://purl.obolibrary.org/obo/FBbi_00000500>	<http://www.w3.org/2000/01/rdf-schema#label>	"Azami GreenFP"	
<http://purl.obolibrary.org/obo/FBbi_00000079>	<http://www.w3.org/2000/01/rdf-schema#label>	"genetically encoded tag"	
<http://purl.obolibrary.org/obo/FBbi_00000184>	<http://www.w3.org/2000/01/rdf-schema#label>	"secondary antibody-horseradish peroxidase, 3,3',5,5'-tetramethylbenzidine"	
<http://purl.obolibrary.org/obo/FBbi_00000535>	<http://www.w3.org/2000/01/rdf-schema#label>	"fluorescent protein timer"	
<http://purl.obolibrary.org/obo/FBbi_00000373>	<http://www.w3.org/2000/01/rdf-schema#label>	"back-scattered_electron imaging"	
<http://purl.obolibrary.org/obo/FBbi_00000590>	<http://www.w3.org/2000/01/rdf-schema#label>	"source of contrast"	
<http://purl.obolibrary.org/obo/FBbi_00000224>	<http://www.w3.org/2000/01/rdf-schema#label>	"computer graphic"	
<http://purl.obolibrary.org/obo/FBbi_00000304>	<http://www.w3.org/2000/01/rdf-schema#label>	"complementary metal oxide semiconductor (CMOS)"	
<http://purl.obolibrary.org/obo/FBbi_00000582>	<http://www.w3.org/2000/01/rdf-schema#label>	"unprocessed raw data"	
<http://purl.obolibrary.org/obo/FBbi_00000609>	<http://www.w3.org/2000/01/rdf-schema#label>	"heat fixed tissue"	
<http://purl.obolibrary.org/obo/FBbi_00000521>	<http://www.w3.org/2000/01/rdf-schema#label>	"eqFP611"	
<http://purl.obolibrary.org/obo/FBbi_00000240>	<http://www.w3.org/2000/01/rdf-schema#label>	"macroscopy"	
<http://purl.obolibrary.org/obo/FBbi_00000402>	<http://www.w3.org/2000/01/rdf-schema#label>	"lectin"	
<http://purl.obolibrary.org/obo/FBbi_00000197>	<http://www.w3.org/2000/01/rdf-schema#label>	"secondary antibody-indodicarbocyanine conjugate"	
<http://purl.obolibrary.org/obo/FBbi_00000513>	<http://www.w3.org/2000/01/rdf-schema#label>	"Kusabira OrangeFP2"	
<http://purl.obolibrary.org/obo/FBbi_00000351>	<http://www.w3.org/2000/01/rdf-schema#label>	"orientation-independent polarization microscopy"	
<http://purl.obolibrary.org/obo/FBbi_00000463>	<http://www.w3.org/2000/01/rdf-schema#label>	"non-immunological protein probe"	
<http://purl.obolibrary.org/obo/FBbi_00000232>	<http://www.w3.org/2000/01/rdf-schema#label>	"colored pencil graphic"	
<http://purl.obolibrary.org/obo/FBbi_00000128>	<http://www.w3.org/2000/01/rdf-schema#label>	"vizualization of label conjugated to probe"	
<http://purl.obolibrary.org/obo/FBbi_00000611>	<http://www.w3.org/2000/01/rdf-schema#label>	"dispersed cells in vitro"	
<http://purl.obolibrary.org/obo/FBbi_00000001>	<http://www.w3.org/2000/01/rdf-schema#label>	"sample preparation method"	
<http://purl.obolibrary.org/obo/FBbi_00000479>	<http://www.w3.org/2000/01/rdf-schema#label>	"Blue fluorescent proteins from Anthozoa"	
<http://purl.obolibrary.org/obo/FBbi_00000022>	<http://www.w3.org/2000/01/rdf-schema#label>	"tissue in polyethylene glycol embedment"	
<http://purl.obolibrary.org/obo/FBbi_00000407>	<http://www.w3.org/2000/01/rdf-schema#label>	"small genetically encoded tag"	
<http://purl.obolibrary.org/obo/FBbi_00000245>	<http://www.w3.org/2000/01/rdf-schema#label>	"differential interference contrast microscopy"	
<http://purl.obolibrary.org/obo/FBbi_00000476>	<http://www.w3.org/2000/01/rdf-schema#label>	"TopazFP"	
<http://purl.obolibrary.org/obo/FBbi_00000462>	<http://www.w3.org/2000/01/rdf-schema#label>	"SiriusFP"	
<http://purl.obolibrary.org/obo/FBbi_00000542>	<http://www.w3.org/2000/01/rdf-schema#label>	"Medium-FT"	
<http://purl.obolibrary.org/obo/FBbi_00000014>	<http://www.w3.org/2000/01/rdf-schema#label>	"unfixed tissue"	
<http://purl.obolibrary.org/obo/FBbi_00000231>	<http://www.w3.org/2000/01/rdf-schema#label>	"charcoal pencil graphic"	
<http://purl.obolibrary.org/obo/FBbi_00000311>	<http://www.w3.org/2000/01/rdf-schema#label>	"refractive index"	
<http://purl.obolibrary.org/obo/FBbi_00000379>	<http://www.w3.org/2000/01/rdf-schema#label>	"detection of X-ray photons"	
<http://purl.obolibrary.org/obo/FBbi_00000492>	<http://www.w3.org/2000/01/rdf-schema#label>	"HcRed-tandemFP"	
<http://purl.obolibrary.org/obo/FBbi_00000596>	<http://www.w3.org/2000/01/rdf-schema#label>	"distribution of a specific nucleic acid sequence"	
<http://purl.obolibrary.org/obo/FBbi_00000099>	<http://www.w3.org/2000/01/rdf-schema#label>	"rhodamine actin fill"	
<http://purl.obolibrary.org/obo/FBbi_00000000>	<http://www.w3.org/2000/01/rdf-schema#label>	"dummy term"	
<http://purl.obolibrary.org/obo/FBbi_00000126>	<http://www.w3.org/2000/01/rdf-schema#label>	"[35]S"	
<http://purl.obolibrary.org/obo/FBbi_00000365>	<http://www.w3.org/2000/01/rdf-schema#label>	"FLIP"	
<http://purl.obolibrary.org/obo/FBbi_00000423>	<http://www.w3.org/2000/01/rdf-schema#label>	"acridine homodimer"	
<http://purl.obolibrary.org/obo/FBbi_00000261>	<http://www.w3.org/2000/01/rdf-schema#label>	"montage"	
<http://purl.obolibrary.org/obo/FBbi_00000527>	<http://www.w3.org/2000/01/rdf-schema#label>	"mRFP1"	
<http://purl.obolibrary.org/obo/FBbi_00000030>	<http://www.w3.org/2000/01/rdf-schema#label>	"vibratome-sectioned tissue"	
<http://purl.obolibrary.org/obo/FBbi_00000274>	<http://www.w3.org/2000/01/rdf-schema#label>	"illumination by acoustic waves"	
<http://purl.obolibrary.org/obo/FBbi_00000139>	<http://www.w3.org/2000/01/rdf-schema#label>	"primary antibody-horseradish peroxidase, 4-chloro-1-naphthol"	
<http://purl.obolibrary.org/obo/FBbi_00000378>	<http://www.w3.org/2000/01/rdf-schema#label>	"detection of UV/visible/IR photons"	
<http://purl.obolibrary.org/obo/FBbi_00000491>	<http://www.w3.org/2000/01/rdf-schema#label>	"AQ143"	
<http://purl.obolibrary.org/obo/FBbi_00000436>	<http://www.w3.org/2000/01/rdf-schema#label>	"Cyan fluorescent protein from Aequorea"	
<http://purl.obolibrary.org/obo/FBbi_00000125>	<http://www.w3.org/2000/01/rdf-schema#label>	"[33]P"	
<http://purl.obolibrary.org/obo/FBbi_00000205>	<http://www.w3.org/2000/01/rdf-schema#label>	"biotin labeled DNA probe"	
<http://purl.obolibrary.org/obo/FBbi_00000043>	<http://www.w3.org/2000/01/rdf-schema#label>	"methyl violet"	
<http://purl.obolibrary.org/obo/FBbi_00000309>	<http://www.w3.org/2000/01/rdf-schema#label>	"inelastic scattering"	
<http://purl.obolibrary.org/obo/FBbi_00000422>	<http://www.w3.org/2000/01/rdf-schema#label>	"membrane impermeant probe"	
<http://purl.obolibrary.org/obo/FBbi_00000260>	<http://www.w3.org/2000/01/rdf-schema#label>	"X-ray microscopy"	
<http://purl.obolibrary.org/obo/FBbi_00000155>	<http://www.w3.org/2000/01/rdf-schema#label>	"primary antibody-gold conjugate"	
<http://purl.obolibrary.org/obo/FBbi_00000483>	<http://www.w3.org/2000/01/rdf-schema#label>	"Red fluorescent proteins from Anthozoa"	
<http://purl.obolibrary.org/obo/FBbi_00000141>	<http://www.w3.org/2000/01/rdf-schema#label>	"primary antibody-horseradish peroxidase, 3,3',5,5'-tetramethylbenzidine"	
<http://purl.obolibrary.org/obo/FBbi_00000028>	<http://www.w3.org/2000/01/rdf-schema#label>	"hand-sectioned tissue"	
<http://purl.obolibrary.org/obo/FBbi_00000259>	<http://www.w3.org/2000/01/rdf-schema#label>	"atomic force microscopy"	
<http://purl.obolibrary.org/obo/FBbi_00000108>	<http://www.w3.org/2000/01/rdf-schema#label>	"Texas Red-X phalloidin fill"	
<http://purl.obolibrary.org/obo/FBbi_00000339>	<http://www.w3.org/2000/01/rdf-schema#label>	"PAINT (point accumulation for imaging in nanoscale topography)"	
<http://purl.obolibrary.org/obo/FBbi_00000290>	<http://www.w3.org/2000/01/rdf-schema#label>	"hollow-cone illumination"	
<http://purl.obolibrary.org/obo/FBbi_00000325>	<http://www.w3.org/2000/01/rdf-schema#label>	"defocus phase contrast"	
<http://purl.obolibrary.org/obo/FBbi_00000556>	<http://www.w3.org/2000/01/rdf-schema#label>	"IrisFP"	
<http://purl.obolibrary.org/obo/FBbi_00000548>	<http://www.w3.org/2000/01/rdf-schema#label>	"Phamret"	
<http://purl.obolibrary.org/obo/FBbi_00000133>	<http://www.w3.org/2000/01/rdf-schema#label>	"primary antibody-alkaline phosphastase conjugate, DAB"	
<http://purl.obolibrary.org/obo/FBbi_00000154>	<http://www.w3.org/2000/01/rdf-schema#label>	"primary antibody-Texas Red"	
<http://purl.obolibrary.org/obo/FBbi_00000385>	<http://www.w3.org/2000/01/rdf-schema#label>	"photo-ablation illumination"	
<http://purl.obolibrary.org/obo/FBbi_00001000>	<http://www.w3.org/2000/01/rdf-schema#label>	"radiography"	
<http://purl.obolibrary.org/obo/FBbi_00000569>	<http://www.w3.org/2000/01/rdf-schema#label>	"uranyl salt"	
<http://purl.obolibrary.org/obo/FBbi_00000072>	<http://www.w3.org/2000/01/rdf-schema#label>	"endogenous substrate, lectin-gold conjugate"	
<http://purl.obolibrary.org/obo/FBbi_00000107>	<http://www.w3.org/2000/01/rdf-schema#label>	"rhodamine phalloidin fill"	
<http://purl.obolibrary.org/obo/FBbi_00000146>	<http://www.w3.org/2000/01/rdf-schema#label>	"primary antibody-aminomethylcoumarin acetate"	
<http://purl.obolibrary.org/obo/FBbi_00000338>	<http://www.w3.org/2000/01/rdf-schema#label>	"DOPI (defocussed orientation and position imaging)"	
<http://purl.obolibrary.org/obo/FBbi_00000288>	<http://www.w3.org/2000/01/rdf-schema#label>	"spinning disk scanning"	
<http://purl.obolibrary.org/obo/FBbi_00000443>	<http://www.w3.org/2000/01/rdf-schema#label>	"Alexa Fluor 555"	
<http://purl.obolibrary.org/obo/FBbi_00000281>	<http://www.w3.org/2000/01/rdf-schema#label>	"nearfield illumination"	
<http://purl.obolibrary.org/obo/FBbi_00000057>	<http://www.w3.org/2000/01/rdf-schema#label>	"lucifer yellow"	
<http://purl.obolibrary.org/obo/FBbi_00000132>	<http://www.w3.org/2000/01/rdf-schema#label>	"alkaline phosphatase"	
<http://purl.obolibrary.org/obo/FBbi_00000219>	<http://www.w3.org/2000/01/rdf-schema#label>	"radioisotope labeled RNA probe"	
<http://purl.obolibrary.org/obo/FBbi_00000170>	<http://www.w3.org/2000/01/rdf-schema#label>	"secondary antibody-alkaline phosphastase conjugate, Vector Black"	
<http://purl.obolibrary.org/obo/FBbi_00000497>	<http://www.w3.org/2000/01/rdf-schema#label>	"tdKatuskaFP"	
<http://purl.obolibrary.org/obo/FBbi_00000577>	<http://www.w3.org/2000/01/rdf-schema#label>	"other negative stain"	
<http://purl.obolibrary.org/obo/FBbi_00000393>	<http://www.w3.org/2000/01/rdf-schema#label>	"array-scan confocal microscopy"	
<http://purl.obolibrary.org/obo/FBbi_00000049>	<http://www.w3.org/2000/01/rdf-schema#label>	"toluidine blue"	
<http://purl.obolibrary.org/obo/FBbi_00000162>	<http://www.w3.org/2000/01/rdf-schema#label>	"secondary antibody-alkaline phosphastase conjugate, Fast Red"	
<http://purl.obolibrary.org/obo/FBbi_00000428>	<http://www.w3.org/2000/01/rdf-schema#label>	"Arachis hypogaea (PNA)"	
<http://purl.obolibrary.org/obo/FBbi_00000266>	<http://www.w3.org/2000/01/rdf-schema#label>	"portrayed image"	
<http://purl.obolibrary.org/obo/FBbi_00000035>	<http://www.w3.org/2000/01/rdf-schema#label>	"cresyl fast violet"	
<http://purl.obolibrary.org/obo/FBbi_00000183>	<http://www.w3.org/2000/01/rdf-schema#label>	"secondary antibody-horseradish peroxidase, 3-amino-9-ethylcarbazole"	
<http://purl.obolibrary.org/obo/FBbi_00000560>	<http://www.w3.org/2000/01/rdf-schema#label>	"E2GFP"	
<http://purl.obolibrary.org/obo/FBbi_00000279>	<http://www.w3.org/2000/01/rdf-schema#label>	"coherent illumination"	
<http://purl.obolibrary.org/obo/FBbi_00000359>	<http://www.w3.org/2000/01/rdf-schema#label>	"nearest-neighbors deblurring"	
<http://purl.obolibrary.org/obo/FBbi_00000175>	<http://www.w3.org/2000/01/rdf-schema#label>	"secondary antibody-beta-glucuronidase, X-gluc"	
<http://purl.obolibrary.org/obo/FBbi_00000576>	<http://www.w3.org/2000/01/rdf-schema#label>	"aurothioglucose"	
<http://purl.obolibrary.org/obo/FBbi_00000392>	<http://www.w3.org/2000/01/rdf-schema#label>	"slit-scan confocal microscopy"	
<http://purl.obolibrary.org/obo/FBbi_00000603>	<http://www.w3.org/2000/01/rdf-schema#label>	"fluorescence polarization microscopy"	
<http://purl.obolibrary.org/obo/FBbi_00000441>	<http://www.w3.org/2000/01/rdf-schema#label>	"Alexa Fluor 546"	
<http://purl.obolibrary.org/obo/FBbi_00000048>	<http://www.w3.org/2000/01/rdf-schema#label>	"SYTOX Green"	
<http://purl.obolibrary.org/obo/FBbi_00000161>	<http://www.w3.org/2000/01/rdf-schema#label>	"secondary antibody-alkaline phosphastase conjugate, Fast Blue B"	
<http://purl.obolibrary.org/obo/FBbi_00000086>	<http://www.w3.org/2000/01/rdf-schema#label>	"c-MYC peptide tag"	
<http://purl.obolibrary.org/obo/FBbi_00000210>	<http://www.w3.org/2000/01/rdf-schema#label>	"fluoresceine-12-dUTP labeled DNA probe"	
<http://purl.obolibrary.org/obo/FBbi_00001006>	<http://www.w3.org/2000/01/rdf-schema#label>	"x-ray/gamma ray illumination"	
<http://purl.obolibrary.org/obo/FBbi_00000191>	<http://www.w3.org/2000/01/rdf-schema#label>	"aminomethylcoumarin"	
<http://purl.obolibrary.org/obo/FBbi_00000457>	<http://www.w3.org/2000/01/rdf-schema#label>	"electron dense label"	
<http://purl.obolibrary.org/obo/FBbi_00000009>	<http://www.w3.org/2000/01/rdf-schema#label>	"ethylene glycol-bis-succinimidyl succinate fixed tissue"	
<http://purl.obolibrary.org/obo/FBbi_00000078>	<http://www.w3.org/2000/01/rdf-schema#label>	"beta-glucuronidase"	
<http://purl.obolibrary.org/obo/FBbi_00000226>	<http://www.w3.org/2000/01/rdf-schema#label>	"color graphic"	
<http://purl.obolibrary.org/obo/FBbi_00000064>	<http://www.w3.org/2000/01/rdf-schema#label>	"SYTO Blue"	
<http://purl.obolibrary.org/obo/FBbi_00000295>	<http://www.w3.org/2000/01/rdf-schema#label>	"photomultiplier tube (PMT)"	
<http://purl.obolibrary.org/obo/FBbi_00000454>	<http://www.w3.org/2000/01/rdf-schema#label>	"Tetramethyl rhodamine (TRITC)"	
<http://purl.obolibrary.org/obo/FBbi_00000616>	<http://www.w3.org/2000/01/rdf-schema#label>	"evanescent wave scattering"	
<http://purl.obolibrary.org/obo/FBbi_00000223>	<http://www.w3.org/2000/01/rdf-schema#label>	"graphic illustration"	
<http://purl.obolibrary.org/obo/FBbi_00000602>	<http://www.w3.org/2000/01/rdf-schema#label>	"differences in intrinsic optical density"	
<http://purl.obolibrary.org/obo/FBbi_00000440>	<http://www.w3.org/2000/01/rdf-schema#label>	"Alexa Fluor 488"	
<http://purl.obolibrary.org/obo/FBbi_00000520>	<http://www.w3.org/2000/01/rdf-schema#label>	"AsRed2FP"	
<http://purl.obolibrary.org/obo/FBbi_00001005>	<http://www.w3.org/2000/01/rdf-schema#label>	"computed tomography"	
<http://purl.obolibrary.org/obo/FBbi_00000239>	<http://www.w3.org/2000/01/rdf-schema#label>	"watercolor painted graphic"	
<http://purl.obolibrary.org/obo/FBbi_00000190>	<http://www.w3.org/2000/01/rdf-schema#label>	"secondary antibody-Alexa Fluor conjugate"	
<http://purl.obolibrary.org/obo/FBbi_00000519>	<http://www.w3.org/2000/01/rdf-schema#label>	"turboRFP"	
<http://purl.obolibrary.org/obo/FBbi_00000401>	<http://www.w3.org/2000/01/rdf-schema#label>	"antibody"	
<http://purl.obolibrary.org/obo/FBbi_00000357>	<http://www.w3.org/2000/01/rdf-schema#label>	"3D-deconvolution"	
<http://purl.obolibrary.org/obo/FBbi_00000470>	<http://www.w3.org/2000/01/rdf-schema#label>	"SCFP"	
<http://purl.obolibrary.org/obo/FBbi_00000505>	<http://www.w3.org/2000/01/rdf-schema#label>	"ZsGreenFP"	
<http://purl.obolibrary.org/obo/FBbi_00000574>	<http://www.w3.org/2000/01/rdf-schema#label>	"molybdenum compound"	
<http://purl.obolibrary.org/obo/FBbi_00000008>	<http://www.w3.org/2000/01/rdf-schema#label>	"crosslinking-fixative fixed tissue"	
<http://purl.obolibrary.org/obo/FBbi_00000077>	<http://www.w3.org/2000/01/rdf-schema#label>	"beta-galactosidase"	
<http://purl.obolibrary.org/obo/FBbi_00000189>	<http://www.w3.org/2000/01/rdf-schema#label>	"secondary antibody-fluor conjugate"	
<http://purl.obolibrary.org/obo/FBbi_00000112>	<http://www.w3.org/2000/01/rdf-schema#label>	"probe for lipid"	
<http://purl.obolibrary.org/obo/FBbi_00000343>	<http://www.w3.org/2000/01/rdf-schema#label>	"microscopy with lenses"	
<http://purl.obolibrary.org/obo/FBbi_00000093>	<http://www.w3.org/2000/01/rdf-schema#label>	"permeabilized tissue"	
<http://purl.obolibrary.org/obo/FBbi_00000610>	<http://www.w3.org/2000/01/rdf-schema#label>	"copper salt"	
<http://purl.obolibrary.org/obo/FBbi_00000587>	<http://www.w3.org/2000/01/rdf-schema#label>	"elastic scattering of photons"	
<http://purl.obolibrary.org/obo/FBbi_00000398>	<http://www.w3.org/2000/01/rdf-schema#label>	"shadowing and plating"	
<http://purl.obolibrary.org/obo/FBbi_00000414>	<http://www.w3.org/2000/01/rdf-schema#label>	"probe for lysosomes"	
<http://purl.obolibrary.org/obo/FBbi_00000021>	<http://www.w3.org/2000/01/rdf-schema#label>	"tissue in polyester wax embedment"	
<http://purl.obolibrary.org/obo/FBbi_00000252>	<http://www.w3.org/2000/01/rdf-schema#label>	"single-spot confocal microscopy"	
<http://purl.obolibrary.org/obo/FBbi_00000400>	<http://www.w3.org/2000/01/rdf-schema#label>	"sequence-specific nucleic acid probe"	
<http://purl.obolibrary.org/obo/FBbi_00000518>	<http://www.w3.org/2000/01/rdf-schema#label>	"tdTomatoFP"	
<http://purl.obolibrary.org/obo/FBbi_00000356>	<http://www.w3.org/2000/01/rdf-schema#label>	"Wiener filter"	
<http://purl.obolibrary.org/obo/FBbi_00000623>	<http://www.w3.org/2000/01/rdf-schema#label>	"intermediate voltage electron microacopy (IVEM)"	
<http://purl.obolibrary.org/obo/FBbi_00000461>	<http://www.w3.org/2000/01/rdf-schema#label>	"AzuriteFP"	
<http://purl.obolibrary.org/obo/FBbi_00000230>	<http://www.w3.org/2000/01/rdf-schema#label>	"line art graphic"	
<http://purl.obolibrary.org/obo/FBbi_00000317>	<http://www.w3.org/2000/01/rdf-schema#label>	"sub-nanosecond time-resolved fluorescence emission)"	
<http://purl.obolibrary.org/obo/FBbi_00000534>	<http://www.w3.org/2000/01/rdf-schema#label>	"ZsYellowFP"	
<http://purl.obolibrary.org/obo/FBbi_00000372>	<http://www.w3.org/2000/01/rdf-schema#label>	"secondary_electron imaging"	
<http://purl.obolibrary.org/obo/FBbi_00000595>	<http://www.w3.org/2000/01/rdf-schema#label>	"stress-induced birefringence"	
<http://purl.obolibrary.org/obo/FBbi_00000006>	<http://www.w3.org/2000/01/rdf-schema#label>	"ethanol fixed tissue"	
<http://purl.obolibrary.org/obo/FBbi_00000364>	<http://www.w3.org/2000/01/rdf-schema#label>	"light-sheet illumination"	
<http://purl.obolibrary.org/obo/FBbi_00000303>	<http://www.w3.org/2000/01/rdf-schema#label>	"film"	
<http://purl.obolibrary.org/obo/FBbi_00000581>	<http://www.w3.org/2000/01/rdf-schema#label>	"critical_point dried specimen"	
<http://purl.obolibrary.org/obo/FBbi_00000608>	<http://www.w3.org/2000/01/rdf-schema#label>	"X-ray fluorescence"	
<http://purl.obolibrary.org/obo/FBbi_00000526>	<http://www.w3.org/2000/01/rdf-schema#label>	"mRasberryFP"	
<http://purl.obolibrary.org/obo/FBbi_00000196>	<http://www.w3.org/2000/01/rdf-schema#label>	"secondary antibody-indocarbocyanine conjugate"	
<http://purl.obolibrary.org/obo/FBbi_00000512>	<http://www.w3.org/2000/01/rdf-schema#label>	"Kusabira OrangeFP"	
<http://purl.obolibrary.org/obo/FBbi_00000350>	<http://www.w3.org/2000/01/rdf-schema#label>	"polarized light illumination"	
<http://purl.obolibrary.org/obo/FBbi_00000547>	<http://www.w3.org/2000/01/rdf-schema#label>	"PA-mRFP"	
<http://purl.obolibrary.org/obo/FBbi_00000050>	<http://www.w3.org/2000/01/rdf-schema#label>	"endogenous substrate, vital dye"	
<http://purl.obolibrary.org/obo/FBbi_00000316>	<http://www.w3.org/2000/01/rdf-schema#label>	"fluorescence emission"	
<http://purl.obolibrary.org/obo/FBbi_00000490>	<http://www.w3.org/2000/01/rdf-schema#label>	"TagCFP"	
<http://purl.obolibrary.org/obo/FBbi_00000539>	<http://www.w3.org/2000/01/rdf-schema#label>	"photoswitchable fluorescent protein"	
<http://purl.obolibrary.org/obo/FBbi_00000377>	<http://www.w3.org/2000/01/rdf-schema#label>	"detection of current induced in the specimen"	
<http://purl.obolibrary.org/obo/FBbi_00000594>	<http://www.w3.org/2000/01/rdf-schema#label>	"intrinsic birefringence"	
<http://purl.obolibrary.org/obo/FBbi_00000124>	<http://www.w3.org/2000/01/rdf-schema#label>	"[32]P"	
<http://purl.obolibrary.org/obo/FBbi_00000363>	<http://www.w3.org/2000/01/rdf-schema#label>	"exhaustive photon reassignment"	
<http://purl.obolibrary.org/obo/FBbi_00000421>	<http://www.w3.org/2000/01/rdf-schema#label>	"membrane-permeant probe"	
<http://purl.obolibrary.org/obo/FBbi_00000308>	<http://www.w3.org/2000/01/rdf-schema#label>	"absorption of illumination"	
<http://purl.obolibrary.org/obo/FBbi_00000525>	<http://www.w3.org/2000/01/rdf-schema#label>	"mCherryFP"	
<http://purl.obolibrary.org/obo/FBbi_00000489>	<http://www.w3.org/2000/01/rdf-schema#label>	"mTFP1"	
<http://purl.obolibrary.org/obo/FBbi_00000027>	<http://www.w3.org/2000/01/rdf-schema#label>	"cryostat-sectioned tissue"	
<http://purl.obolibrary.org/obo/FBbi_00000140>	<http://www.w3.org/2000/01/rdf-schema#label>	"primary antibody-horseradish peroxidase, 3-amino-9-ethylcarbazole"	
<http://purl.obolibrary.org/obo/FBbi_00000258>	<http://www.w3.org/2000/01/rdf-schema#label>	"transmission electron microscopy (TEM)"	
<http://purl.obolibrary.org/obo/FBbi_00000406>	<http://www.w3.org/2000/01/rdf-schema#label>	"probes for nucleic acid"	
<http://purl.obolibrary.org/obo/FBbi_00000244>	<http://www.w3.org/2000/01/rdf-schema#label>	"dark-field microscopy"	
<http://purl.obolibrary.org/obo/FBbi_00000475>	<http://www.w3.org/2000/01/rdf-schema#label>	"SYFP"	
<http://purl.obolibrary.org/obo/FBbi_00000324>	<http://www.w3.org/2000/01/rdf-schema#label>	"in-focus phase contrast"	
<http://purl.obolibrary.org/obo/FBbi_00000555>	<http://www.w3.org/2000/01/rdf-schema#label>	"wtKIikGR"	
<http://purl.obolibrary.org/obo/FBbi_00000541>	<http://www.w3.org/2000/01/rdf-schema#label>	"Fast-FT"	
<http://purl.obolibrary.org/obo/FBbi_00000013>	<http://www.w3.org/2000/01/rdf-schema#label>	"cryofixed tissue"	
<http://purl.obolibrary.org/obo/FBbi_00000310>	<http://www.w3.org/2000/01/rdf-schema#label>	"elastic scattering"	
<http://purl.obolibrary.org/obo/FBbi_00000153>	<http://www.w3.org/2000/01/rdf-schema#label>	"primary antibody-tetramethyl rhodamine isothiocyanate"	
<http://purl.obolibrary.org/obo/FBbi_00000384>	<http://www.w3.org/2000/01/rdf-schema#label>	"photo-bleaching illumination"	
<http://purl.obolibrary.org/obo/FBbi_00000419>	<http://www.w3.org/2000/01/rdf-schema#label>	"freeze_fracture/freeze_etch"	
<http://purl.obolibrary.org/obo/FBbi_00000488>	<http://www.w3.org/2000/01/rdf-schema#label>	"mCyFP"	
<http://purl.obolibrary.org/obo/FBbi_00000568>	<http://www.w3.org/2000/01/rdf-schema#label>	"electron-dense stain"	
<http://purl.obolibrary.org/obo/FBbi_00000026>	<http://www.w3.org/2000/01/rdf-schema#label>	"sectioned tissue"	
<http://purl.obolibrary.org/obo/FBbi_00000257>	<http://www.w3.org/2000/01/rdf-schema#label>	"scanning electron microscopy (SEM)"	
<http://purl.obolibrary.org/obo/FBbi_00000106>	<http://www.w3.org/2000/01/rdf-schema#label>	"Oregon Green 514 phalloidin fill"	
<http://purl.obolibrary.org/obo/FBbi_00000337>	<http://www.w3.org/2000/01/rdf-schema#label>	"FIONA (fluorescence imaging with one nanometer accuracy)"	
<http://purl.obolibrary.org/obo/FBbi_00000449>	<http://www.w3.org/2000/01/rdf-schema#label>	"Cy3"	
<http://purl.obolibrary.org/obo/FBbi_00000323>	<http://www.w3.org/2000/01/rdf-schema#label>	"computational method"	
<http://purl.obolibrary.org/obo/FBbi_00000554>	<http://www.w3.org/2000/01/rdf-schema#label>	"wtEOSFP"	
<http://purl.obolibrary.org/obo/FBbi_00000287>	<http://www.w3.org/2000/01/rdf-schema#label>	"multiple point scanning"	
<http://purl.obolibrary.org/obo/FBbi_00000056>	<http://www.w3.org/2000/01/rdf-schema#label>	"4',6-diamidino-2-phenylindole (DAPI)"	
<http://purl.obolibrary.org/obo/FBbi_00000273>	<http://www.w3.org/2000/01/rdf-schema#label>	"illumination by electrons"	
<http://purl.obolibrary.org/obo/FBbi_00000138>	<http://www.w3.org/2000/01/rdf-schema#label>	"horseradish peroxidase"	
<http://purl.obolibrary.org/obo/FBbi_00000218>	<http://www.w3.org/2000/01/rdf-schema#label>	"fluoroscein labeled RNA probe"	
<http://purl.obolibrary.org/obo/FBbi_00000496>	<http://www.w3.org/2000/01/rdf-schema#label>	"mPlumFP"	
<http://purl.obolibrary.org/obo/FBbi_00000435>	<http://www.w3.org/2000/01/rdf-schema#label>	"Blue fluorescent protein from Aequorea victoria"	
<http://purl.obolibrary.org/obo/FBbi_00050000>	<http://www.w3.org/2000/01/rdf-schema#label>	"focussed ion beam scanning electron microscopy (FIB-SEM)"	
<http://purl.obolibrary.org/obo/FBbi_00000204>	<http://www.w3.org/2000/01/rdf-schema#label>	"DNA probe"	
<http://purl.obolibrary.org/obo/FBbi_00000042>	<http://www.w3.org/2000/01/rdf-schema#label>	"methyl green"	
<http://purl.obolibrary.org/obo/FBbi_00000427>	<http://www.w3.org/2000/01/rdf-schema#label>	"Phaseolus vulgaris lectin PHA-L)"	
<http://purl.obolibrary.org/obo/FBbi_00000265>	<http://www.w3.org/2000/01/rdf-schema#label>	"recorded image"	
<http://purl.obolibrary.org/obo/FBbi_00000069>	<http://www.w3.org/2000/01/rdf-schema#label>	"endogenous substrate, dye conjugate"	
<http://purl.obolibrary.org/obo/FBbi_00000182>	<http://www.w3.org/2000/01/rdf-schema#label>	"secondary antibody-horseradish peroxidase, 4-chloro-1-naphthol"	
<http://purl.obolibrary.org/obo/FBbi_00000448>	<http://www.w3.org/2000/01/rdf-schema#label>	"Cy2"	
<http://purl.obolibrary.org/obo/FBbi_00000286>	<http://www.w3.org/2000/01/rdf-schema#label>	"single point scanning"	
<http://purl.obolibrary.org/obo/FBbi_00000055>	<http://www.w3.org/2000/01/rdf-schema#label>	"DiOC6 (3,3'-dihexyloxacarbocyanine iodide)"	
<http://purl.obolibrary.org/obo/FBbi_00000321>	<http://www.w3.org/2000/01/rdf-schema#label>	"resolution-enhancing method"	
<http://purl.obolibrary.org/obo/FBbi_00000278>	<http://www.w3.org/2000/01/rdf-schema#label>	"narrowfield illumination"	
<http://purl.obolibrary.org/obo/FBbi_00000217>	<http://www.w3.org/2000/01/rdf-schema#label>	"digoxigenin labeled RNA probe"	
<http://purl.obolibrary.org/obo/FBbi_00000495>	<http://www.w3.org/2000/01/rdf-schema#label>	"mKate2FP"	
<http://purl.obolibrary.org/obo/FBbi_00000391>	<http://www.w3.org/2000/01/rdf-schema#label>	"slit-scanning illumination"	
<http://purl.obolibrary.org/obo/FBbi_00000167>	<http://www.w3.org/2000/01/rdf-schema#label>	"secondary antibody-alkaline phosphastase conjugate, NAMP"	
<http://purl.obolibrary.org/obo/FBbi_00000047>	<http://www.w3.org/2000/01/rdf-schema#label>	"propidium iodide"	
<http://purl.obolibrary.org/obo/FBbi_00000209>	<http://www.w3.org/2000/01/rdf-schema#label>	"bromodeoxyuridine labeled DNA probe"	
<http://purl.obolibrary.org/obo/FBbi_00000160>	<http://www.w3.org/2000/01/rdf-schema#label>	"secondary antibody-alkaline phosphastase conjugate, ELF 97 phosphate"	
<http://purl.obolibrary.org/obo/FBbi_00000085>	<http://www.w3.org/2000/01/rdf-schema#label>	"DsRed"	
<http://purl.obolibrary.org/obo/FBbi_00000159>	<http://www.w3.org/2000/01/rdf-schema#label>	"secondary antibody-alkaline phosphastase conjugate, DAB"	
<http://purl.obolibrary.org/obo/FBbi_00000456>	<http://www.w3.org/2000/01/rdf-schema#label>	"enzyme label"	
<http://purl.obolibrary.org/obo/FBbi_00000071>	<http://www.w3.org/2000/01/rdf-schema#label>	"endogenous substrate, lectin-fluor conjugate"	
<http://purl.obolibrary.org/obo/FBbi_00000145>	<http://www.w3.org/2000/01/rdf-schema#label>	"primary antibody-fluor conjugate"	
<http://purl.obolibrary.org/obo/FBbi_00000225>	<http://www.w3.org/2000/01/rdf-schema#label>	"black and white graphic"	
<http://purl.obolibrary.org/obo/FBbi_00000063>	<http://www.w3.org/2000/01/rdf-schema#label>	"rhodamine B"	
<http://purl.obolibrary.org/obo/FBbi_00000294>	<http://www.w3.org/2000/01/rdf-schema#label>	"charge coupled device (CCD)"	
<http://purl.obolibrary.org/obo/FBbi_00000103>	<http://www.w3.org/2000/01/rdf-schema#label>	"eosin phalloidin fill"	
<http://purl.obolibrary.org/obo/FBbi_00000098>	<http://www.w3.org/2000/01/rdf-schema#label>	"fluoresceine actin fill"	
<http://purl.obolibrary.org/obo/FBbi_00000601>	<http://www.w3.org/2000/01/rdf-schema#label>	"differences in deposition of metal shadow"	
<http://purl.obolibrary.org/obo/FBbi_00001012>	<http://www.w3.org/2000/01/rdf-schema#label>	"fixation method"	
<http://purl.obolibrary.org/obo/FBbi_00000084>	<http://www.w3.org/2000/01/rdf-schema#label>	"EYFP"	
<http://purl.obolibrary.org/obo/FBbi_00000158>	<http://www.w3.org/2000/01/rdf-schema#label>	"acid phosphatase"	
<http://purl.obolibrary.org/obo/FBbi_00000389>	<http://www.w3.org/2000/01/rdf-schema#label>	"trapping illumination"	
<http://purl.obolibrary.org/obo/FBbi_00001004>	<http://www.w3.org/2000/01/rdf-schema#label>	"tomography"	
<http://purl.obolibrary.org/obo/FBbi_00000238>	<http://www.w3.org/2000/01/rdf-schema#label>	"pastel painted graphic"	
<http://purl.obolibrary.org/obo/FBbi_00000469>	<http://www.w3.org/2000/01/rdf-schema#label>	"CyPet"	
<http://purl.obolibrary.org/obo/FBbi_00000455>	<http://www.w3.org/2000/01/rdf-schema#label>	"fluorescent label"	
<http://purl.obolibrary.org/obo/FBbi_00000504>	<http://www.w3.org/2000/01/rdf-schema#label>	"TagGFP2"	
<http://purl.obolibrary.org/obo/FBbi_00000007>	<http://www.w3.org/2000/01/rdf-schema#label>	"methanol fixed tissue"	
<http://purl.obolibrary.org/obo/FBbi_00000573>	<http://www.w3.org/2000/01/rdf-schema#label>	"uranium compound"	
<http://purl.obolibrary.org/obo/FBbi_00000076>	<http://www.w3.org/2000/01/rdf-schema#label>	"genetically encoded enzyme"	
<http://purl.obolibrary.org/obo/FBbi_00000293>	<http://www.w3.org/2000/01/rdf-schema#label>	"Rheinberg illumination"	
<http://purl.obolibrary.org/obo/FBbi_00000188>	<http://www.w3.org/2000/01/rdf-schema#label>	"secondary antibody-phosphatase, Naphthol-AS-BI-phosphate"	
<http://purl.obolibrary.org/obo/FBbi_00000111>	<http://www.w3.org/2000/01/rdf-schema#label>	"X-rhodamine tubulin fill"	
<http://purl.obolibrary.org/obo/FBbi_00000342>	<http://www.w3.org/2000/01/rdf-schema#label>	"X-ray illumination"	
<http://purl.obolibrary.org/obo/FBbi_00000589>	<http://www.w3.org/2000/01/rdf-schema#label>	"inelastic scattering of photons (Raman scattering)"	
<http://purl.obolibrary.org/obo/FBbi_00000092>	<http://www.w3.org/2000/01/rdf-schema#label>	"X-rhodamine RNA fill"	
<http://purl.obolibrary.org/obo/FBbi_00000119>	<http://www.w3.org/2000/01/rdf-schema#label>	"biotin ethylenediamine fill"	
<http://purl.obolibrary.org/obo/FBbi_00000358>	<http://www.w3.org/2000/01/rdf-schema#label>	"no-neighbors deblurring"	
<http://purl.obolibrary.org/obo/FBbi_00000174>	<http://www.w3.org/2000/01/rdf-schema#label>	"secondary antibody-beta-galactosidase, X-Gal"	
<http://purl.obolibrary.org/obo/FBbi_00000586>	<http://www.w3.org/2000/01/rdf-schema#label>	"elastic scattering of electrons"	
<http://purl.obolibrary.org/obo/FBbi_00000517>	<http://www.w3.org/2000/01/rdf-schema#label>	"TagRFP-T"	
<http://purl.obolibrary.org/obo/FBbi_00000355>	<http://www.w3.org/2000/01/rdf-schema#label>	"non-linear method"	
<http://purl.obolibrary.org/obo/FBbi_00000503>	<http://www.w3.org/2000/01/rdf-schema#label>	"TagGFP"	
<http://purl.obolibrary.org/obo/FBbi_00000572>	<http://www.w3.org/2000/01/rdf-schema#label>	"potassium permanganate"	
<http://purl.obolibrary.org/obo/FBbi_00000187>	<http://www.w3.org/2000/01/rdf-schema#label>	"secondary antibody-horseradish peroxidase, Vector VIP"	
<http://purl.obolibrary.org/obo/FBbi_00000110>	<http://www.w3.org/2000/01/rdf-schema#label>	"Oregon Green 514 tubulin fill"	
<http://purl.obolibrary.org/obo/FBbi_00000341>	<http://www.w3.org/2000/01/rdf-schema#label>	"UV/visible/IR illumination"	
<http://purl.obolibrary.org/obo/FBbi_00000236>	<http://www.w3.org/2000/01/rdf-schema#label>	"acrylic painted graphic"	
<http://purl.obolibrary.org/obo/FBbi_00000453>	<http://www.w3.org/2000/01/rdf-schema#label>	"TexasRed"	
<http://purl.obolibrary.org/obo/FBbi_00000533>	<http://www.w3.org/2000/01/rdf-schema#label>	"TurboYFP"	
<http://purl.obolibrary.org/obo/FBbi_00000371>	<http://www.w3.org/2000/01/rdf-schema#label>	"OCT"	
<http://purl.obolibrary.org/obo/FBbi_00000615>	<http://www.w3.org/2000/01/rdf-schema#label>	"miniSOG"	
<http://purl.obolibrary.org/obo/FBbi_00000091>	<http://www.w3.org/2000/01/rdf-schema#label>	"5-SFX fluorescein RNA fill"	
<http://purl.obolibrary.org/obo/FBbi_00000118>	<http://www.w3.org/2000/01/rdf-schema#label>	"miscellaneous fill"	
<http://purl.obolibrary.org/obo/FBbi_00000005>	<http://www.w3.org/2000/01/rdf-schema#label>	"acrolein fixed tissue"	
<http://purl.obolibrary.org/obo/FBbi_00000222>	<http://www.w3.org/2000/01/rdf-schema#label>	"imaging method"	
<http://purl.obolibrary.org/obo/FBbi_00000302>	<http://www.w3.org/2000/01/rdf-schema#label>	"electron bombardment CCD (EBCCD)"	
<http://purl.obolibrary.org/obo/FBbi_00000580>	<http://www.w3.org/2000/01/rdf-schema#label>	"secondary electron generation"	
<http://purl.obolibrary.org/obo/FBbi_00000607>	<http://www.w3.org/2000/01/rdf-schema#label>	"intrinsic mass distribution"	
<http://purl.obolibrary.org/obo/FBbi_00000466>	<http://www.w3.org/2000/01/rdf-schema#label>	"tetrodotoxin"	
<http://purl.obolibrary.org/obo/FBbi_00000546>	<http://www.w3.org/2000/01/rdf-schema#label>	"PA-mCherry1FP"	
<http://purl.obolibrary.org/obo/FBbi_00000018>	<http://www.w3.org/2000/01/rdf-schema#label>	"tissue in epoxy resin embedment"	
<http://purl.obolibrary.org/obo/FBbi_00000235>	<http://www.w3.org/2000/01/rdf-schema#label>	"painted graphic"	
<http://purl.obolibrary.org/obo/FBbi_00000315>	<http://www.w3.org/2000/01/rdf-schema#label>	"electron density"	
<http://purl.obolibrary.org/obo/FBbi_00000131>	<http://www.w3.org/2000/01/rdf-schema#label>	"primary antibody-enzyme conjugate, substrate"	
<http://purl.obolibrary.org/obo/FBbi_00000532>	<http://www.w3.org/2000/01/rdf-schema#label>	"TagYFP"	
<http://purl.obolibrary.org/obo/FBbi_00000370>	<http://www.w3.org/2000/01/rdf-schema#label>	"CARS"	
<http://purl.obolibrary.org/obo/FBbi_00000593>	<http://www.w3.org/2000/01/rdf-schema#label>	"form birefringence"	
<http://purl.obolibrary.org/obo/FBbi_00000004>	<http://www.w3.org/2000/01/rdf-schema#label>	"acetone fixed tissue"	
<http://purl.obolibrary.org/obo/FBbi_00000369>	<http://www.w3.org/2000/01/rdf-schema#label>	"SPIM"	
<http://purl.obolibrary.org/obo/FBbi_00000362>	<http://www.w3.org/2000/01/rdf-schema#label>	"blind deconvolution"	
<http://purl.obolibrary.org/obo/FBbi_00000301>	<http://www.w3.org/2000/01/rdf-schema#label>	"electron multiplying CCD (EMCCD)"	
<http://purl.obolibrary.org/obo/FBbi_00000606>	<http://www.w3.org/2000/01/rdf-schema#label>	"differences in orientation of fluorophore"	
<http://purl.obolibrary.org/obo/FBbi_00000413>	<http://www.w3.org/2000/01/rdf-schema#label>	"probe for Golgi"	
<http://purl.obolibrary.org/obo/FBbi_00000482>	<http://www.w3.org/2000/01/rdf-schema#label>	"Orange fluorescent proteins from Anthozoa"	
<http://purl.obolibrary.org/obo/FBbi_00000524>	<http://www.w3.org/2000/01/rdf-schema#label>	"mAppleFP"	
<http://purl.obolibrary.org/obo/FBbi_00000034>	<http://www.w3.org/2000/01/rdf-schema#label>	"HA peptide tag"	
<http://purl.obolibrary.org/obo/FBbi_00000020>	<http://www.w3.org/2000/01/rdf-schema#label>	"tissue in paraffin embedment"	
<http://purl.obolibrary.org/obo/FBbi_00000251>	<http://www.w3.org/2000/01/rdf-schema#label>	"confocal microscopy"	
<http://purl.obolibrary.org/obo/FBbi_00000405>	<http://www.w3.org/2000/01/rdf-schema#label>	"fluorescent protein tag"	
<http://purl.obolibrary.org/obo/FBbi_00000243>	<http://www.w3.org/2000/01/rdf-schema#label>	"bright-field microscopy"	
<http://purl.obolibrary.org/obo/FBbi_00000474>	<http://www.w3.org/2000/01/rdf-schema#label>	"CitrineFP"	
<http://purl.obolibrary.org/obo/FBbi_00000622>	<http://www.w3.org/2000/01/rdf-schema#label>	"high-voltage electron microscopy (HVEM)"	
<http://purl.obolibrary.org/obo/FBbi_00000509>	<http://www.w3.org/2000/01/rdf-schema#label>	"DsRed-monomerFP"	
<http://purl.obolibrary.org/obo/FBbi_00000460>	<http://www.w3.org/2000/01/rdf-schema#label>	"non-specific protein affinity"	
<http://purl.obolibrary.org/obo/FBbi_00000540>	<http://www.w3.org/2000/01/rdf-schema#label>	"DsRed-ES FP"	
<http://purl.obolibrary.org/obo/FBbi_00000012>	<http://www.w3.org/2000/01/rdf-schema#label>	"osmium tetroxide fixed tissue"	
<http://purl.obolibrary.org/obo/FBbi_00000426>	<http://www.w3.org/2000/01/rdf-schema#label>	"wheat germ agglutinin"	
<http://purl.obolibrary.org/obo/FBbi_00000264>	<http://www.w3.org/2000/01/rdf-schema#label>	"saponin permeabilized"	
<http://purl.obolibrary.org/obo/FBbi_00000418>	<http://www.w3.org/2000/01/rdf-schema#label>	"genetically encoded biotin tag"	
<http://purl.obolibrary.org/obo/FBbi_00000487>	<http://www.w3.org/2000/01/rdf-schema#label>	"AmCyanFP"	
<http://purl.obolibrary.org/obo/FBbi_00000033>	<http://www.w3.org/2000/01/rdf-schema#label>	"diagram"	
<http://purl.obolibrary.org/obo/FBbi_00000025>	<http://www.w3.org/2000/01/rdf-schema#label>	"living tissue"	
<http://purl.obolibrary.org/obo/FBbi_00000256>	<http://www.w3.org/2000/01/rdf-schema#label>	"electron microscopy"	
<http://purl.obolibrary.org/obo/FBbi_00000404>	<http://www.w3.org/2000/01/rdf-schema#label>	"fluorescent dextran fill"	
<http://purl.obolibrary.org/obo/FBbi_00000242>	<http://www.w3.org/2000/01/rdf-schema#label>	"wide field light micrograph"	
<http://purl.obolibrary.org/obo/FBbi_00000473>	<http://www.w3.org/2000/01/rdf-schema#label>	"T-SapphireFP"	
<http://purl.obolibrary.org/obo/FBbi_00000329>	<http://www.w3.org/2000/01/rdf-schema#label>	"interference reflection contrast (IRM)"	
<http://purl.obolibrary.org/obo/FBbi_00000280>	<http://www.w3.org/2000/01/rdf-schema#label>	"incoherent illumination"	
<http://purl.obolibrary.org/obo/FBbi_00000322>	<http://www.w3.org/2000/01/rdf-schema#label>	"optical method"	
<http://purl.obolibrary.org/obo/FBbi_00000553>	<http://www.w3.org/2000/01/rdf-schema#label>	"mKikGR"	
<http://purl.obolibrary.org/obo/FBbi_00000011>	<http://www.w3.org/2000/01/rdf-schema#label>	"glutaraldehyde fixed tissue"	
<http://purl.obolibrary.org/obo/FBbi_00000272>	<http://www.w3.org/2000/01/rdf-schema#label>	"illumination by photons"	
<http://purl.obolibrary.org/obo/FBbi_00000137>	<http://www.w3.org/2000/01/rdf-schema#label>	"primary antibody-alkaline phosphastase conjugate, Vector Red"	
<http://purl.obolibrary.org/obo/FBbi_00000538>	<http://www.w3.org/2000/01/rdf-schema#label>	"photoconvertible/photoswitchable fluorescent protein"	
<http://purl.obolibrary.org/obo/FBbi_00000376>	<http://www.w3.org/2000/01/rdf-schema#label>	"detection of acoustic waves"	
<http://purl.obolibrary.org/obo/FBbi_00000434>	<http://www.w3.org/2000/01/rdf-schema#label>	"optical highlighter"	
<http://purl.obolibrary.org/obo/FBbi_00000123>	<http://www.w3.org/2000/01/rdf-schema#label>	"[14]C"	
<http://purl.obolibrary.org/obo/FBbi_00000203>	<http://www.w3.org/2000/01/rdf-schema#label>	"labeled nucleic acid probe"	
<http://purl.obolibrary.org/obo/FBbi_00000041>	<http://www.w3.org/2000/01/rdf-schema#label>	"hematoxylin"	
<http://purl.obolibrary.org/obo/FBbi_00000307>	<http://www.w3.org/2000/01/rdf-schema#label>	"narrow-field detection"	
<http://purl.obolibrary.org/obo/FBbi_00000420>	<http://www.w3.org/2000/01/rdf-schema#label>	"fluorescent protein derived from Aequorea victoria"	
<http://purl.obolibrary.org/obo/FBbi_00000062>	<http://www.w3.org/2000/01/rdf-schema#label>	"rhodamine 123"	
<http://purl.obolibrary.org/obo/FBbi_00000447>	<http://www.w3.org/2000/01/rdf-schema#label>	"Alexa Fluor 647"	
<http://purl.obolibrary.org/obo/FBbi_00000285>	<http://www.w3.org/2000/01/rdf-schema#label>	"oblique illumination"	
<http://purl.obolibrary.org/obo/FBbi_00000551>	<http://www.w3.org/2000/01/rdf-schema#label>	"KaedeFP"	
<http://purl.obolibrary.org/obo/FBbi_00000054>	<http://www.w3.org/2000/01/rdf-schema#label>	"CMX rosamine (Mitotracker Red)"	
<http://purl.obolibrary.org/obo/FBbi_00000271>	<http://www.w3.org/2000/01/rdf-schema#label>	"contrast-enhancing method"	
<http://purl.obolibrary.org/obo/FBbi_00000136>	<http://www.w3.org/2000/01/rdf-schema#label>	"primary antibody-alkaline phosphastase conjugate, Vector Blue"	
<http://purl.obolibrary.org/obo/FBbi_00000320>	<http://www.w3.org/2000/01/rdf-schema#label>	"elevation"	
<http://purl.obolibrary.org/obo/FBbi_00000216>	<http://www.w3.org/2000/01/rdf-schema#label>	"biotin labeled RNA probe"	
<http://purl.obolibrary.org/obo/FBbi_00000433>	<http://www.w3.org/2000/01/rdf-schema#label>	"fluorescent protein derived from Anthozoa"	
<http://purl.obolibrary.org/obo/FBbi_00000397>	<http://www.w3.org/2000/01/rdf-schema#label>	"visualization by chemical attribute"	
<http://purl.obolibrary.org/obo/FBbi_00000202>	<http://www.w3.org/2000/01/rdf-schema#label>	"gold"	
<http://purl.obolibrary.org/obo/FBbi_00000040>	<http://www.w3.org/2000/01/rdf-schema#label>	"giemsa"	
<http://purl.obolibrary.org/obo/FBbi_00000166>	<http://www.w3.org/2000/01/rdf-schema#label>	"secondary antibody-alkaline phosphastase conjugate, NAGP"	
<http://purl.obolibrary.org/obo/FBbi_00000152>	<http://www.w3.org/2000/01/rdf-schema#label>	"primary antibody-rhodamine red-X"	
<http://purl.obolibrary.org/obo/FBbi_00000383>	<http://www.w3.org/2000/01/rdf-schema#label>	"specimen_modifying_illumination"	
<http://purl.obolibrary.org/obo/FBbi_00000567>	<http://www.w3.org/2000/01/rdf-schema#label>	"optically-dense stain"	
<http://purl.obolibrary.org/obo/FBbi_00000039>	<http://www.w3.org/2000/01/rdf-schema#label>	"fuchsin"	
<http://purl.obolibrary.org/obo/FBbi_00000070>	<http://www.w3.org/2000/01/rdf-schema#label>	"endogenous substrate, acidotropic-fluor conjugate"	
<http://purl.obolibrary.org/obo/FBbi_00000105>	<http://www.w3.org/2000/01/rdf-schema#label>	"Oregon Green 488 phalloidin fill"	
<http://purl.obolibrary.org/obo/FBbi_00000144>	<http://www.w3.org/2000/01/rdf-schema#label>	"primary antibody-horseradish peroxidase, Vector VIP"	
<http://purl.obolibrary.org/obo/FBbi_00000336>	<http://www.w3.org/2000/01/rdf-schema#label>	"STORM (stochastic optical reconstruction microscopy)"	
<http://purl.obolibrary.org/obo/FBbi_00000333>	<http://www.w3.org/2000/01/rdf-schema#label>	"point-localization method"	
<http://purl.obolibrary.org/obo/FBbi_00000550>	<http://www.w3.org/2000/01/rdf-schema#label>	"dEOSFP"	
<http://purl.obolibrary.org/obo/FBbi_00000102>	<http://www.w3.org/2000/01/rdf-schema#label>	"Alexa Fluor 488 phalloidin fill"	
<http://purl.obolibrary.org/obo/FBbi_00000179>	<http://www.w3.org/2000/01/rdf-schema#label>	"secondary antibody-glucose oxidase, TNBT"	
<http://purl.obolibrary.org/obo/FBbi_00000396>	<http://www.w3.org/2000/01/rdf-schema#label>	"visualization of contiguous regions"	
<http://purl.obolibrary.org/obo/FBbi_00000165>	<http://www.w3.org/2000/01/rdf-schema#label>	"secondary antibody-alkaline phosphastase conjugate, NABP"	
<http://purl.obolibrary.org/obo/FBbi_00000157>	<http://www.w3.org/2000/01/rdf-schema#label>	"secondary antibody-enzyme conjugate, substrate"	
<http://purl.obolibrary.org/obo/FBbi_00000349>	<http://www.w3.org/2000/01/rdf-schema#label>	"ANSOM"	
<http://purl.obolibrary.org/obo/FBbi_00000083>	<http://www.w3.org/2000/01/rdf-schema#label>	"Aequorea victoria red fluorescent protein tag"	
<http://purl.obolibrary.org/obo/FBbi_00000200>	<http://www.w3.org/2000/01/rdf-schema#label>	"secondary antibody-tetramethyl rhodamine isothiocyanate conjugate"	
<http://purl.obolibrary.org/obo/FBbi_00000388>	<http://www.w3.org/2000/01/rdf-schema#label>	"uncaging illumination"	
<http://purl.obolibrary.org/obo/FBbi_00000195>	<http://www.w3.org/2000/01/rdf-schema#label>	"secondary antibody-fluorescein isothiocyanate conjugate"	
<http://purl.obolibrary.org/obo/FBbi_00000511>	<http://www.w3.org/2000/01/rdf-schema#label>	"dTomatoFP"	
<http://purl.obolibrary.org/obo/FBbi_00000068>	<http://www.w3.org/2000/01/rdf-schema#label>	"YO-PRO-1"	
<http://purl.obolibrary.org/obo/FBbi_00000181>	<http://www.w3.org/2000/01/rdf-schema#label>	"secondary antibody-horseradish peroxidase, 3,3'-diaminobenzidine silver enhanced"	
<http://purl.obolibrary.org/obo/FBbi_00000299>	<http://www.w3.org/2000/01/rdf-schema#label>	"intensified SIT (ISIT)"	
<http://purl.obolibrary.org/obo/FBbi_00000588>	<http://www.w3.org/2000/01/rdf-schema#label>	"inelastic scattering of electrons"	
<http://purl.obolibrary.org/obo/FBbi_00000277>	<http://www.w3.org/2000/01/rdf-schema#label>	"widefield illumination"	
<http://purl.obolibrary.org/obo/FBbi_00000173>	<http://www.w3.org/2000/01/rdf-schema#label>	"secondary antibody-alkaline phosphastase conjugate, BCIP"	
<http://purl.obolibrary.org/obo/FBbi_00000439>	<http://www.w3.org/2000/01/rdf-schema#label>	"Yellow fluorescent protein from Aequorea"	
<http://purl.obolibrary.org/obo/FBbi_00000390>	<http://www.w3.org/2000/01/rdf-schema#label>	"emission-depletion illumination"	
<http://purl.obolibrary.org/obo/FBbi_00000194>	<http://www.w3.org/2000/01/rdf-schema#label>	"secondary antibody-diaminotriazinylaminoflorescein conjugate"	
<http://purl.obolibrary.org/obo/FBbi_00000510>	<http://www.w3.org/2000/01/rdf-schema#label>	"DsRed2FP"	
<http://purl.obolibrary.org/obo/FBbi_00000502>	<http://www.w3.org/2000/01/rdf-schema#label>	"mWasabiFP"	
<http://purl.obolibrary.org/obo/FBbi_00000571>	<http://www.w3.org/2000/01/rdf-schema#label>	"osmium tetroxide"	
<http://purl.obolibrary.org/obo/FBbi_00000186>	<http://www.w3.org/2000/01/rdf-schema#label>	"secondary antibody-horseradish peroxidase, Vector SG"	
<http://purl.obolibrary.org/obo/FBbi_00000340>	<http://www.w3.org/2000/01/rdf-schema#label>	"saturated structured-illumination microscopy (SSIM)"	
<http://purl.obolibrary.org/obo/FBbi_00000452>	<http://www.w3.org/2000/01/rdf-schema#label>	"Rhodamine"	
<http://purl.obolibrary.org/obo/FBbi_00000059>	<http://www.w3.org/2000/01/rdf-schema#label>	"Nile blue A"	
<http://purl.obolibrary.org/obo/FBbi_00000097>	<http://www.w3.org/2000/01/rdf-schema#label>	"Alexa Fluor 568 actin fill"	
<http://purl.obolibrary.org/obo/FBbi_00000614>	<http://www.w3.org/2000/01/rdf-schema#label>	"phototropin 2"	
<http://purl.obolibrary.org/obo/FBbi_00000117>	<http://www.w3.org/2000/01/rdf-schema#label>	"DiR"	
<http://purl.obolibrary.org/obo/FBbi_00000172>	<http://www.w3.org/2000/01/rdf-schema#label>	"secondary antibody-alkaline phosphastase conjugate, Vector Red"	
<http://purl.obolibrary.org/obo/FBbi_00000221>	<http://www.w3.org/2000/01/rdf-schema#label>	"[33]P labeled RNA probe"	
<http://purl.obolibrary.org/obo/FBbi_00000600>	<http://www.w3.org/2000/01/rdf-schema#label>	"differences in amount of elastic light scattering"	
<http://purl.obolibrary.org/obo/FBbi_00000089>	<http://www.w3.org/2000/01/rdf-schema#label>	"tissue in vitreous ice embedment"	
<http://purl.obolibrary.org/obo/FBbi_00001003>	<http://www.w3.org/2000/01/rdf-schema#label>	"X-ray tomography"	
<http://purl.obolibrary.org/obo/FBbi_00000237>	<http://www.w3.org/2000/01/rdf-schema#label>	"oil painted graphic"	
<http://purl.obolibrary.org/obo/FBbi_00000468>	<http://www.w3.org/2000/01/rdf-schema#label>	"CeruleanFP"	
<http://purl.obolibrary.org/obo/FBbi_00000465>	<http://www.w3.org/2000/01/rdf-schema#label>	"botulinum toxin"	
<http://purl.obolibrary.org/obo/FBbi_00000075>	<http://www.w3.org/2000/01/rdf-schema#label>	"exogenous label"	
<http://purl.obolibrary.org/obo/FBbi_00000234>	<http://www.w3.org/2000/01/rdf-schema#label>	"pen and ink graphic"	
<http://purl.obolibrary.org/obo/FBbi_00000451>	<http://www.w3.org/2000/01/rdf-schema#label>	"Fluorescein (FITC)"	
<http://purl.obolibrary.org/obo/FBbi_00000531>	<http://www.w3.org/2000/01/rdf-schema#label>	"PhiYFP"	
<http://purl.obolibrary.org/obo/FBbi_00000613>	<http://www.w3.org/2000/01/rdf-schema#label>	"vidicon tube camera"	
<http://purl.obolibrary.org/obo/FBbi_00000599>	<http://www.w3.org/2000/01/rdf-schema#label>	"boundaries between regions with different refractive index"	
<http://purl.obolibrary.org/obo/FBbi_00000003>	<http://www.w3.org/2000/01/rdf-schema#label>	"coagulating-fixative fixed tissue"	
<http://purl.obolibrary.org/obo/FBbi_00000368>	<http://www.w3.org/2000/01/rdf-schema#label>	"FLIM"	
<http://purl.obolibrary.org/obo/FBbi_00000220>	<http://www.w3.org/2000/01/rdf-schema#label>	"[32]P labeled RNA probe"	
<http://purl.obolibrary.org/obo/FBbi_00000585>	<http://www.w3.org/2000/01/rdf-schema#label>	"serial block face SEM (SBFSEM)"	
<http://purl.obolibrary.org/obo/FBbi_00000300>	<http://www.w3.org/2000/01/rdf-schema#label>	"intensified CCD (ICCD)"	
<http://purl.obolibrary.org/obo/FBbi_00000605>	<http://www.w3.org/2000/01/rdf-schema#label>	"differences in fluorescence lifetime"	
<http://purl.obolibrary.org/obo/FBbi_00000412>	<http://www.w3.org/2000/01/rdf-schema#label>	"probe for endoplasmic reticulum"	
<http://purl.obolibrary.org/obo/FBbi_00000481>	<http://www.w3.org/2000/01/rdf-schema#label>	"Green fluorescent proteins from Anthozoa"	
<http://purl.obolibrary.org/obo/FBbi_00000019>	<http://www.w3.org/2000/01/rdf-schema#label>	"tissue in wax embedment"	
<http://purl.obolibrary.org/obo/FBbi_00000088>	<http://www.w3.org/2000/01/rdf-schema#label>	"intracellular filling"	
<http://purl.obolibrary.org/obo/FBbi_00000250>	<http://www.w3.org/2000/01/rdf-schema#label>	"narrow field light micrograph"	
<http://purl.obolibrary.org/obo/FBbi_00000516>	<http://www.w3.org/2000/01/rdf-schema#label>	"TagRFP"	
<http://purl.obolibrary.org/obo/FBbi_00000354>	<http://www.w3.org/2000/01/rdf-schema#label>	"linear method"	
<http://purl.obolibrary.org/obo/FBbi_00000621>	<http://www.w3.org/2000/01/rdf-schema#label>	"freeze-substituted tissue"	
<http://purl.obolibrary.org/obo/FBbi_00000508>	<http://www.w3.org/2000/01/rdf-schema#label>	"DsRed-MaxFP"	
<http://purl.obolibrary.org/obo/FBbi_00000494>	<http://www.w3.org/2000/01/rdf-schema#label>	"mKateFP"	
<http://purl.obolibrary.org/obo/FBbi_00000598>	<http://www.w3.org/2000/01/rdf-schema#label>	"differences in adsorption or binding of stain"	
<http://purl.obolibrary.org/obo/FBbi_00000367>	<http://www.w3.org/2000/01/rdf-schema#label>	"FRET"	
<http://purl.obolibrary.org/obo/FBbi_00000425>	<http://www.w3.org/2000/01/rdf-schema#label>	"conconavalin A"	
<http://purl.obolibrary.org/obo/FBbi_00000263>	<http://www.w3.org/2000/01/rdf-schema#label>	"solvent permeabilized"	
<http://purl.obolibrary.org/obo/FBbi_00000411>	<http://www.w3.org/2000/01/rdf-schema#label>	"probe for mitochondria"	
<http://purl.obolibrary.org/obo/FBbi_00000529>	<http://www.w3.org/2000/01/rdf-schema#label>	"mStrawberryFP"	
<http://purl.obolibrary.org/obo/FBbi_00000480>	<http://www.w3.org/2000/01/rdf-schema#label>	"Cyan fluorescent proteins from Anthozoa"	
<http://purl.obolibrary.org/obo/FBbi_00000032>	<http://www.w3.org/2000/01/rdf-schema#label>	"endogenous substrate, non-vital dye"	
<http://purl.obolibrary.org/obo/FBbi_00000248>	<http://www.w3.org/2000/01/rdf-schema#label>	"polarization microscopy"	
<http://purl.obolibrary.org/obo/FBbi_00000241>	<http://www.w3.org/2000/01/rdf-schema#label>	"microscopy"	
<http://purl.obolibrary.org/obo/FBbi_00000403>	<http://www.w3.org/2000/01/rdf-schema#label>	"small-molecule probe"	
<http://purl.obolibrary.org/obo/FBbi_00000472>	<http://www.w3.org/2000/01/rdf-schema#label>	"SuperfolderFP"	
<http://purl.obolibrary.org/obo/FBbi_00000328>	<http://www.w3.org/2000/01/rdf-schema#label>	"single sideband edge enhancement (SSBE)"	
<http://purl.obolibrary.org/obo/FBbi_00000559>	<http://www.w3.org/2000/01/rdf-schema#label>	"Dronpa-3"	
<http://purl.obolibrary.org/obo/FBbi_00000545>	<http://www.w3.org/2000/01/rdf-schema#label>	"PA-CFP"	
<http://purl.obolibrary.org/obo/FBbi_00000017>	<http://www.w3.org/2000/01/rdf-schema#label>	"tissue in acrylic resin embedment"	
<http://purl.obolibrary.org/obo/FBbi_00000314>	<http://www.w3.org/2000/01/rdf-schema#label>	"stiffness"	
<http://purl.obolibrary.org/obo/FBbi_00000130>	<http://www.w3.org/2000/01/rdf-schema#label>	"labeled primary antibody"	
<http://purl.obolibrary.org/obo/FBbi_00000537>	<http://www.w3.org/2000/01/rdf-schema#label>	"photoconvertible fluorescent protein"	
<http://purl.obolibrary.org/obo/FBbi_00000375>	<http://www.w3.org/2000/01/rdf-schema#label>	"detection of electrons"	
<http://purl.obolibrary.org/obo/FBbi_00000592>	<http://www.w3.org/2000/01/rdf-schema#label>	"distribution of epitope"	
<http://purl.obolibrary.org/obo/FBbi_00000619>	<http://www.w3.org/2000/01/rdf-schema#label>	"nearfield illumination"	
<http://purl.obolibrary.org/obo/FBbi_00000122>	<http://www.w3.org/2000/01/rdf-schema#label>	"metabolically incorporated radioisotope"	
<http://purl.obolibrary.org/obo/FBbi_00000306>	<http://www.w3.org/2000/01/rdf-schema#label>	"wide-field detection"	
<http://purl.obolibrary.org/obo/GO_0008150>	<http://www.geneontology.org/formats/oboInOwl#hasRelatedSynonym>	"single-organism process"	
<http://purl.obolibrary.org/obo/GO_0008150>	<http://www.geneontology.org/formats/oboInOwl#hasRelatedSynonym>	"single organism process"	
<http://purl.obolibrary.org/obo/FBbi_00000201>	<http://www.geneontology.org/formats/oboInOwl#hasRelatedSynonym>	"TR"	
<http://purl.obolibrary.org/obo/FBbi_00000151>	<http://www.geneontology.org/formats/oboInOwl#hasRelatedSynonym>	"Cy5"	
<http://purl.obolibrary.org/obo/FBbi_00000150>	<http://www.geneontology.org/formats/oboInOwl#hasRelatedSynonym>	"Cy3"	
<http://purl.obolibrary.org/obo/FBbi_00000381>	<http://www.geneontology.org/formats/oboInOwl#hasRelatedSynonym>	"ESI  electron spectroscopic imaging"	
<http://purl.obolibrary.org/obo/FBbi_00000381>	<http://www.geneontology.org/formats/oboInOwl#hasRelatedSynonym>	"EFTEM energy filtered TEM"	
<http://purl.obolibrary.org/obo/FBbi_00000149>	<http://www.geneontology.org/formats/oboInOwl#hasRelatedSynonym>	"FITC"	
<http://purl.obolibrary.org/obo/FBbi_00000193>	<http://www.geneontology.org/formats/oboInOwl#hasRelatedSynonym>	"Cy2"	
<http://purl.obolibrary.org/obo/FBbi_00000082>	<http://www.geneontology.org/formats/oboInOwl#hasRelatedSynonym>	"GFP"	
<http://purl.obolibrary.org/obo/FBbi_00000345>	<http://www.geneontology.org/formats/oboInOwl#hasRelatedSynonym>	"mode of light microscopy"	
<http://purl.obolibrary.org/obo/FBbi_00000199>	<http://www.geneontology.org/formats/oboInOwl#hasRelatedSynonym>	"RRX"	
<http://purl.obolibrary.org/obo/FBbi_00000198>	<http://www.geneontology.org/formats/oboInOwl#hasRelatedSynonym>	"LSRC"	
<http://purl.obolibrary.org/obo/FBbi_00000129>	<http://www.geneontology.org/formats/oboInOwl#hasRelatedSynonym>	"glycerinated tissue"	
<http://purl.obolibrary.org/obo/FBbi_00000617>	<http://www.geneontology.org/formats/oboInOwl#hasRelatedSynonym>	"total internal reflection fluorescence  TIRF"	
<http://purl.obolibrary.org/obo/FBbi_00001002>	<http://www.geneontology.org/formats/oboInOwl#hasRelatedSynonym>	"computed axial tomography"	
<http://purl.obolibrary.org/obo/FBbi_00000415>	<http://www.geneontology.org/formats/oboInOwl#hasRelatedSynonym>	"positive staining"	
<http://purl.obolibrary.org/obo/FBbi_00000148>	<http://www.geneontology.org/formats/oboInOwl#hasRelatedSynonym>	"Cy2"	
<http://purl.obolibrary.org/obo/FBbi_00000052>	<http://www.geneontology.org/formats/oboInOwl#hasRelatedSynonym>	"Hoechst 33342"	
<http://purl.obolibrary.org/obo/FBbi_00000052>	<http://www.geneontology.org/formats/oboInOwl#hasRelatedSynonym>	"HO342"	
<http://purl.obolibrary.org/obo/FBbi_00001001>	<http://www.geneontology.org/formats/oboInOwl#hasRelatedSynonym>	"X-ray"	
<http://purl.obolibrary.org/obo/FBbi_00000051>	<http://www.geneontology.org/formats/oboInOwl#hasRelatedSynonym>	"AO"	
<http://purl.obolibrary.org/obo/FBbi_00000081>	<http://www.geneontology.org/formats/oboInOwl#hasRelatedSynonym>	"CFP"	
<http://purl.obolibrary.org/obo/FBbi_00000080>	<http://www.geneontology.org/formats/oboInOwl#hasRelatedSynonym>	"BFP"	
<http://purl.obolibrary.org/obo/FBbi_00000197>	<http://www.geneontology.org/formats/oboInOwl#hasRelatedSynonym>	"Cy5"	
<http://purl.obolibrary.org/obo/FBbi_00000245>	<http://www.geneontology.org/formats/oboInOwl#hasRelatedSynonym>	"Nomarski"	
<http://purl.obolibrary.org/obo/FBbi_00000245>	<http://www.geneontology.org/formats/oboInOwl#hasRelatedSynonym>	"DIC"	
<http://purl.obolibrary.org/obo/FBbi_00000154>	<http://www.geneontology.org/formats/oboInOwl#hasRelatedSynonym>	"TR"	
<http://purl.obolibrary.org/obo/FBbi_00000146>	<http://www.geneontology.org/formats/oboInOwl#hasRelatedSynonym>	"AMCA"	
<http://purl.obolibrary.org/obo/FBbi_00000266>	<http://www.geneontology.org/formats/oboInOwl#hasRelatedSynonym>	"drawing"	
<http://purl.obolibrary.org/obo/FBbi_00000266>	<http://www.geneontology.org/formats/oboInOwl#hasRelatedSynonym>	"artwork"	
<http://purl.obolibrary.org/obo/FBbi_00000191>	<http://www.geneontology.org/formats/oboInOwl#hasRelatedSynonym>	"AMCA"	
<http://purl.obolibrary.org/obo/FBbi_00000009>	<http://www.geneontology.org/formats/oboInOwl#hasRelatedSynonym>	"EGS"	
<http://purl.obolibrary.org/obo/FBbi_00000078>	<http://www.geneontology.org/formats/oboInOwl#hasRelatedSynonym>	"GUS, X-gluc"	
<http://purl.obolibrary.org/obo/FBbi_00000616>	<http://www.geneontology.org/formats/oboInOwl#hasRelatedSynonym>	"FTIR  frustrated total internal reflection"	
<http://purl.obolibrary.org/obo/FBbi_00000077>	<http://www.geneontology.org/formats/oboInOwl#hasRelatedSynonym>	"lacZ, X-gal"	
<http://purl.obolibrary.org/obo/FBbi_00000196>	<http://www.geneontology.org/formats/oboInOwl#hasRelatedSynonym>	"Cy3"	
<http://purl.obolibrary.org/obo/FBbi_00000153>	<http://www.geneontology.org/formats/oboInOwl#hasRelatedSynonym>	"TRITC"	
<http://purl.obolibrary.org/obo/FBbi_00000056>	<http://www.geneontology.org/formats/oboInOwl#hasRelatedSynonym>	"DAPI"	
<http://purl.obolibrary.org/obo/FBbi_00000265>	<http://www.geneontology.org/formats/oboInOwl#hasRelatedSynonym>	"photograph"	
<http://purl.obolibrary.org/obo/FBbi_00000055>	<http://www.geneontology.org/formats/oboInOwl#hasRelatedSynonym>	"DiOC"	
<http://purl.obolibrary.org/obo/FBbi_00000047>	<http://www.geneontology.org/formats/oboInOwl#hasRelatedSynonym>	"PI"	
<http://purl.obolibrary.org/obo/FBbi_00000085>	<http://www.geneontology.org/formats/oboInOwl#hasRelatedSynonym>	"DsRed"	
<http://purl.obolibrary.org/obo/FBbi_00000084>	<http://www.geneontology.org/formats/oboInOwl#hasRelatedSynonym>	"YFP"	
<http://purl.obolibrary.org/obo/FBbi_00000119>	<http://www.geneontology.org/formats/oboInOwl#hasRelatedSynonym>	"Neurobiotin"	
<http://purl.obolibrary.org/obo/FBbi_00000264>	<http://www.geneontology.org/formats/oboInOwl#hasRelatedSynonym>	"saponized tissue"	
<http://purl.obolibrary.org/obo/FBbi_00000025>	<http://www.geneontology.org/formats/oboInOwl#hasRelatedSynonym>	"live-cell imaging"	
<http://purl.obolibrary.org/obo/FBbi_00000256>	<http://www.geneontology.org/formats/oboInOwl#hasRelatedSynonym>	"mode of electron microscopy"	
<http://purl.obolibrary.org/obo/FBbi_00000054>	<http://www.geneontology.org/formats/oboInOwl#hasRelatedSynonym>	"Mitotracker X"	
<http://purl.obolibrary.org/obo/FBbi_00000152>	<http://www.geneontology.org/formats/oboInOwl#hasRelatedSynonym>	"RRX"	
<http://purl.obolibrary.org/obo/FBbi_00000070>	<http://www.geneontology.org/formats/oboInOwl#hasRelatedSynonym>	"LysoTracker"	
<http://purl.obolibrary.org/obo/FBbi_00000083>	<http://www.geneontology.org/formats/oboInOwl#hasRelatedSynonym>	"RFP"	
<http://purl.obolibrary.org/obo/FBbi_00000200>	<http://www.geneontology.org/formats/oboInOwl#hasRelatedSynonym>	"TRITC"	
<http://purl.obolibrary.org/obo/FBbi_00000195>	<http://www.geneontology.org/formats/oboInOwl#hasRelatedSynonym>	"FITC"	
<http://purl.obolibrary.org/obo/FBbi_00000194>	<http://www.geneontology.org/formats/oboInOwl#hasRelatedSynonym>	"DTAF"	
<http://purl.obolibrary.org/obo/FBbi_00000089>	<http://www.geneontology.org/formats/oboInOwl#hasRelatedSynonym>	"tissue in amorphous ice embedment"	
<http://purl.obolibrary.org/obo/FBbi_00000234>	<http://www.geneontology.org/formats/oboInOwl#hasRelatedSynonym>	"black and white graphic"	
<http://purl.obolibrary.org/obo/GO_0016301>	<http://www.geneontology.org/formats/oboInOwl#hasExactSynonym>	"phosphokinase activity"	
<http://purl.obolibrary.org/obo/GO_0003674>	<http://www.geneontology.org/formats/oboInOwl#hasExactSynonym>	"molecular function"	
<http://purl.obolibrary.org/obo/GO_0008150>	<http://www.geneontology.org/formats/oboInOwl#hasExactSynonym>	"physiological process"	
<http://purl.obolibrary.org/obo/GO_0008150>	<http://www.geneontology.org/formats/oboInOwl#hasExactSynonym>	"biological process"	
<http://purl.obolibrary.org/obo/FBbi_00001002>	<http://www.geneontology.org/formats/oboInOwl#hasExactSynonym>	"CT scan"	
<http://purl.obolibrary.org/obo/FBbi_00001002>	<http://www.geneontology.org/formats/oboInOwl#hasExactSynonym>	"CAT scan"	
<http://purl.obolibrary.org/obo/FBbi_00001002>	<http://www.geneontology.org/formats/oboInOwl#hasExactSynonym>	"X-ray CT"	
<http://purl.obolibrary.org/obo/FBbi_00001001>	<http://www.geneontology.org/formats/oboInOwl#hasExactSynonym>	"X-radiography"	
<http://purl.obolibrary.org/obo/FBbi_00050000>	<http://www.geneontology.org/formats/oboInOwl#hasExactSynonym>	"FIB-SEM"	
